Dutch_Orig	English_gloss	High_Language_HL	Contemporary_Equiv_HL	Low_Language_LL	Contemporary_Equiv_LL	Remarks	pagenum
De zon	The sun	bakka-kaha	bak kaha’	bakka-moenai	—	HL: cf. Kähler p. 25 ebaka ukaha’o ‘eye of day’ < PAN *maCa
+ ?
no final vowel in Walland but in Kähler!
LL: ‘eye of moon(?)’ (cf. ‘moon’), not in Kähler
OE V# > ME Ø
ME: bak kaha’ ‘sun’	1
De maan	The moon	kanoeah	kanña	moena	—	HL: cf. Kähler p. 121 kanə ̃́ã͜i ‘moon, month’, etymology unclear LL: ?< PAN *wulan ‘moon’ or borrowing from Bengkulu Malay bulan as mũna (< *bũla), cf. muo < bungo ‘flower’
ME: kanña ‘moon’	1
De sterren	The stars	peloa	—	kenoeaij-noekie (kleine maan)	kanña nuik	HL: cf. Kähler p. 19 e-ʔaperúã͜u (PAN *bituqən rather unlikely, which has the Enggano reflex ẽ-pẽkõ ‘evening star’ acc. to Edwards 2015:97-98);
LL literally ‘small moon’ (acc. to Engga, some speakers might call a star kanña nuik ‘small moon’)
ME ko’mim ‘star’ (Kähler p. 123 ka’õmĩmĩ ‘star in the Milky Way’)	1
De zee	The sea	oeweh	yu	Praboh’e	—	HL: Kähler p. 283 ’ue ‘sea’ (PAN *wahiR unlikely)
OE #V > #iV
LL: Kähler p. 241 eparoba ‘deep sea’, etymology unclear
ME: yu ‘sea’	1
De aarde	The earth	loppoh	dop			Kähler p. 47 edoppoẽtopoẽlopo ‘land, earth, weather’,
etymology unclear
OE V# > ME Ø
OE l > ME d
ME: dop ‘land, earth’	1
Water	water	é-boh	bė	Lebo-leboh	—	HL: Kähler p. 28 ebõ ‘rain, water, river’, but cf. Kähler p. 26 ebē
‘sap, liquid’ (< PAN *wahiR acc. to Edwards 2015:94-97)
OE o > ME ė
LL: unclear, perhaps variant of ebõ
ME: bė ‘water’	2
Steenen	stone	ééah	ye	pakoe-pakoe	—	HL: Kähler p. 50 e’ea ‘stone’, etymology unclear but cf. Modigliani (1894:277) eèa ‘coral reef’ (cf. Malay batu karang, lit. ‘coral stone’)
OE #V > #iV
LL: Kähler p. 236 (ẽa)pakũ ‘anchor, headcover cylinder for women’), the headcover is also explained in Mod. p. 153 epácu, p. 156-160, vRos 1855:209, Marschall 1982:30, Keuning p. 177?)
ME: ye ‘stone’	2
Vuur	fire	apoeah	—	obie	yėb	HL: likely a variant of LL, also from PAN *Sapuy where the /a/
and /p/ are regular
LL: Kähler p. 213 e’obi < PAN *Sapuy acc. to Edwards
2015:97-98 but with irr. *a > /o/ and irr. *p > /b/ (cf. HL)
OE o > ME ė
OE V# > ME Ø
ME: yėb ‘fire’	2
Rivier	river	baka-oewah	bak iu	beloea	bero	HL: Kähler p. 25 ‘shipping channel in the reef’ (IN sawang),
still used in ME
OE V# > ME Ø
LL: Kähler p. 26 bedoa ‘river, estuary’, etymology unclear, but
Sikule has eloa and Simeulue has luan
OE l > ME r
ME: bak iu ‘shipping channel’, bero ‘river’	2
Berg	mountain	koh	kėh	pawah	—	HL: Kähler p. 160 kóhõ͜i ‘mountain, hill’, etymology unclear LL: unclear, but cf. Kähler p. 242 paũpa’a ‘pile up arbitrarily’ OE o > ME ė
ME: kėh ‘mountain’	2
Bosch	forest	howdah	—	koë-koë	(ho’ku)	HL: unclear, but possibly connected to Kähler p. 80 ehō ‘inside’,
is ixō ukue ‘forest, lit. inside the woods’ used in texts?
LL: Kähler p. 177 ekue ‘forest’, p. 185 ekuo ‘tree, wood, pale’
ME ho’ku lit. ‘inside the woods’
ME: ku ‘forest, wood’	2
Wit	white	kha-oedaija	kadaih			Kähler p. 280 ka’udã͜ixo ‘white, bright, clean’, related to
dakixóho ‘noon, on a bright day’ (Kähler p.37)?
ME: kadaih ‘white’	3
Zwart	black	khah-khoh	kakė h	kahèlo-èloh	—	HL Kähler p. 159 ka’akõhõ ‘dark, black’
LL: Kähler p. 72 kahedo ‘black, dark’
OE o > ME ė
ME: kakė h ‘black’	3
Rood	red	kanoeaij	—	kai-koh-koh	(katok)	HL: unclear
LL: Kähler p. 162 ka’ikoko ‘red’ (?< ekiaki ‘blood’)
OE k > ME t (or dissimilation?)	3
Groen	green	ka-akiema	—			Kähler p. 147 ka’akinĩpa~kaäkienafah ‘violet, green, blue, dark
blue’
ME: kablao < Dutch blauw ‘blue’	3
Blaauw	blue	ka-prohbah	—			Kähler p. 241 ka’aparoba ‘deep blue’ < eparoba ‘deep sea’ (cf.
‘sea’ above)
ME: kablao < Dutch blauw ‘blue’	3
Dag	day	manika-loppoh	kanik dop			literally ‘bright earth’, Kähler p. 204 kamanĩka edopo ‘daylight
is coming, bright’
OE V# > ME Ø (2x)
OE l > ME d
ME kanik dop ‘bright day’	3
Nacht	night	kapohpoh-loppoh	kapė pė dop	ko-assaij-loppoh	kako’aih dop	HL: literally ‘earth becomes dark’, Kähler p. 258 kapõpō
‘become night’
OE o > ME ė
OE V# > ME Ø (2x)
LL: literally ‘earth becomes dark’, Kähler p. 156 kako’aixa
edopo ‘it’s night’, the ‘ss’ most likely represents as mishearing
of /ç/
OE l > ME d
ME: kapė pė dop ‘it gets dark’, kako’aih dop ‘it’s night’	3
Varken	pig	koijo	koi	abi-abi	—	HL: Kähler p. 172 ekoyo ‘domesticated pig’
OE V# > ME Ø
LL: unclear, but vRos has hawi hawi, vdStraten has abie abie for
‘pig’, Kähler p. 213 has e’obo ‘wild boar’, not recognized by
Engga / Milson
ME: koi ‘pig’	3
Hond	dog	bé-oh	be			Kähler p. 27 ebeo ‘dog’, onompatopoeic word? Kähler (1987:27)
says that dogs were imported to Enggano from Sumatra
OE V# > ME Ø
ME: be ‘dog’	4
Rat	rat	i-hoea	—	koe-anie	—	HL: Kähler p. 86 ehúao ‘mouse, rat’, etymology unclear LL: Kähler p. 156 ekõ’anũ ‘mouse, rat’, etymology unclear Engga says that there are no rats on Enggano and hence there’s no word in ME for this animal, but there seems to be a critically endangered endemic species called Rattus enganus	4
Vogel	bird	hoe-hoe	—	oemauw	(ke’ep) uma	HL: possibly onomatopoeic, cf. Kähler p. 289 e’u’uẽu’uhū ‘owl’ LL: Kähler 285 p. e’ũmaõ ‘wild pigeon (IN: burung pergam)’, cf. more sources in Kähler, the subspecies Ducula aenea consobrina is endemic to West Sumatra
OE V# > ME Ø
ME: ke’ep uma ‘Green imperial pigeon’	4
Slang	snake	nanoah	nanoa			common small green snake which lives in the forest, as opposed to the bigger apũ’ ‘python’ (maybe Malayopython reticulatus?) ME: nanoa ‘small green snake’	4
Haan	rooster	èkoh-èkoh manie	—	koh-koh	—	HL: literally ‘male fowl’, cf. LL
LL: pre-Kähler sources show /koko/, not attested after 1916,
only eañāmũ (emanĩ) (only listed in index) < Malay ayam, and
eki’adobu (Kähler p. 140) of unclear origin
ME ayam man ‘rooster’	4
Kip	hen/chicken	èkoh-èkoh-howdah	—			cf. above
ME ayam hiñr ‘hen’	4
Mensch	person	fakka	kak			perhaps misspelling/misreading of takka?, cf. Kähler p. 116
ekakaẽtaka ‘human being’ < PAN *qaRta (Edwards 2015:97-98,
Nothofer 1994:403, Mahdi 1988:58,412, Blust 1972)
OE t > ME k
ME: kak ‘person’	4
Man	man	fakka-manie	kak man			cf. above for kak
Kähler p. 190 ẽ-manĩ < PAN *ma-RuqaNay ‘male’ (Edwards
2015:94-97, Kähler 1987:190)
ME: kak man ‘man’	4
Vrouw	woman	fakka-howdah	kak hiñr			cf. above for kak
Kähler p. 86 ehuda ‘woman, female’, etymology unclear
ME: kak hiñr ‘woman’	4
Kind	child	harah	yar			Kähler p. 4 eadaẽara ‘child, offspring’ < PAN *aNak ‘offspring’
(Edwards 2015:94-97, Nothofer 1986:100, ACD 183, Kähler
1987:4, 20), initial h- unclear
OE #V > #iV
OE r/d > r
ME: yar ‘child’	5
Zoon (ongetrouwd)	son (un-married)	harah (manie)	yar man			cf. above for iar
cf. ‘man’ for man
ME: yar man ‘son’	5
Zoon (gehuwd)	son (married)	harah-aboe-peradoe	—			Kähler p. 35 ba’aradu (< dadu) ‘already married’, with eadaẽara (cf. ‘child’), leaves *abu unexplained	5
Vader	father	amah	am			Kähler p. 12 amã ‘father(-in-law)’ < PAN *amax ‘father’
(Edwards 2015:94-97, ACD 134, Kähler 1987:12)
OE V# > ME Ø
ME: am ‘father’	5
Moeder	mother	ka-beah	—			unclear, maybe related to bəha (Kähler p. 27) ‘cook’?, Boewang
and vRos also give /(u)kabiyu/
ME na ‘mother’	5
Weduwe	widow	keboekoeh	(kabake)			Kähler p. 106 ekabake ‘corpse, dead person, bereaved one, sufferer, wrongdoer’ < PAN *ma-aCay ‘dead, die’, source of ka-unclear (Edwards 2015:94-97)
ME kabake ‘widower’	5
Weduwenaar (ongetrouwd)	widower (unmarried)	poelie	(purih[iė])			Kähler p. 267 purixo ‘widower’
OE l/r > ME r
ME purih[iė] ‘(place of) mourning’	5
Dochter	daughter	harah-howdah	yar hiñr			cf. ‘child’ for iar, cf. ‘woman’ for hiñr
ME: yar hiñr ‘daughter’	5
Dochter (getrouwd)	daughter (married)	harah-howdah aboe peradoe	—			cf. ‘son (married)’, first part unclear	5
Huis	house	oebah	yub	prahoe	—	HL: Kähler p. 279 euba < PAN *Rumaq (Edwards 2015:94-97,
Kähler 1987: 279, ACD 7303, Nothofer 2021)
LL: unclear, but cf. Kähler p. 256 e(o)põhõ̃͜i ‘house (archaic)’
OE #V > #iV
OE V# > ME Ø
ME: yub ‘house’	5
Handels-vaartuig	commercial vessel	obah koé	—	oebah ko-mai-nja	—	HL: unclear, literally ‘house of trees’, ME iub ku makes no sense LL: unclear, literally ‘house of ???’	6
Sampan	sampan	lohah	doha	lepah-lepah (Boegineesch)	—	HL: Kähler p. 46 edoh(ə/o)ao ‘boat’, etymology unclear
OE l > ME d
LL: lepa(-lepa) ‘traditional canoe’ in Sulawesi, Modern
Buginese lofi~lopi ‘boat’?
ME: doha ‘sampan’	6
Ik	I	njoh ikah	(ĩė ’ + ik)	oewah	u	HL: Kähler i’iõõ’õu ‘to me’ ?< i’iō ‘to’ (Kähler p. 93) + ’ua,
then ’ika ‘we’, this form makes no sense; it seems that Walland
misinterpreted ika ‘we’ as ‘I’ judging from the phrases at the end
of the list
OE o > ME ė
OE V# > ME Ø
LL: Kähler p. 278 ’ua ‘I’ < PAN *aku (Edwards 2015:97-98)
OE V# > ME Ø
ME: ĩė ’ ‘me’, ik ‘we’, u ‘I’	6
Gij	you	oh	ė’			Kähler p. 223 ’o’o ‘you’ < PAN *kaSu (Edwards 2015:94-97,
Kähler 1987:223)
OE o > ME ė
ME: ė’ ‘you’	6
Mij	me	ikah	(ik)			perhaps misspelling of wij ‘we’, cf. Kähler p. 94 ’ika(’a) ‘we incl.’ < PAN *k-ita (Edwards 2015:94-97); ; it seems that Walland misinterpreted ika ‘we’ as ‘I’ judging from the phrases at the end of the list
OE V# > ME Ø
ME: ik ‘we’	6
Een (lidwoord)	an (article)	è	e-			Kähler p. 50 e- ‘singular article’, etymology unclear
ME not only used for singular, not always used on nominals (cf.
grammar by Charlotte Hemmings?)	6
Springen	jump	kio-ah	—	efoeah	(pu)	HL: unclear, Kähler kəkənãnã ‘jump’ (only in index?)
LL: Kähler p. 260 kipua ‘flee, walk away, walk’ / eapuaẽupua
‘departure, escape, walking’
OE f > ME p
ME toba ‘jump’ (?< IN: lompat ‘jump’), pu ‘run’	6
Eten	eat	menoh	-muno	pakehnonno	pakino no	HL: Kähler p. 206 kamũnō ‘he’s eating’ (< nõ ‘eat’), etymology unclear but cf. PMP *ñepñep ‘drink, slurp, suck’ (> Makassar ño’ño’, Bimanese nono)
LL: Kähler p. 147+206 pakinō nō ‘allow to eat’ (IN: ‘izinkan makan’)
ME ?muno ‘I eat’, pakino no ‘allow me to eat’	7
Droomen	dream	à-nihai	nihia			Kähler p. 204 e’anĩxā ‘dream (n.)’, ka’anĩxā ‘dream (v.intr.)’, ka’anĩxaĩ ‘dream (v.tr.)’, etymology unclear, ME not recognized by Engga but by Milson
ME: ka’nihia ‘to dream’ (yanihia’ ‘my dream’)	7
Kruipen	crawl	o-oboh	—			Kähler p. 224 ki(’o)’obo ‘crawl on all fours’, etymology unclear ME: ko’ob crawl’, kahor’ani ‘creep’	7
Zingen	sing	khorah	kohor	kala-lehah	kare	HL: Kähler p. 81 hohora ‘sing’ (?< PWMP *ñañuy, but quite
irr., rather reduplication of hora)
OE V# > ME Ø
LL: Kähler p. 118 ekaleaẽkadea ‘largest (singing) festival on
Enggano)
OE l/r > ME r
OE V# > ME Ø
ME: kohor ‘sing’, kare ‘singing festival’	7
Slaan	hit	bai-djihie	(paic)	patta haleh	kahre	HL: Kähler p. 90 ici ‘hit’, epáiciẽpéici ‘house knife’, etymology unclear
OE V# > ME Ø
LL: Kähler p. 235 pakahadē~pakahalē ‘kill, extinguish’, etymology unclear, verb form *pa-kahre does not exist in ME ME paic ‘machete’	7
Krabben	scratch	phio-noh	(hion)	kanihonie	kahnion	HL: Kähler p. 79 kipahĩõnĩ ‘scratch each other’ (< hĩõ-nĩ ‘scratch’), circumfix pa...o unclear, maybe -(C)o suffix? LL: form unclear, also from hĩõnĩ with ka-ni- prefix? ME hion ‘scratch’, kahnion ‘scratch’ (antipassive form)	7
Knijpen	pinch	pie-ie	(pĩh)	fabieah	pabia	HL: meaning ‘squeeze’, Kähler p. 249 pĩxĩ ‘squeeze (out)’, etymology unclear, but could be related to PWMP *pizet ‘squeeze’ if Walland’s hyphen indicates a glottal stop, expecting Enggano *pi’ik.
LL: meaning ‘massage (v.)’, Kähler only has piodi (p. 253) for ‘massage (v.), caress’
ME pĩh ‘squeeze’, kum ‘pinch’, apin ‘pinch’ [check meaning of pabia]	8
Wrijven	rub	paka-kahah	pakakah	khi-ioh	hion	HL: Kähler only has kaha’ôpô ‘grate, scrape (v.tr.)’ (p. 227) LL: Kähler p. 79 hĩô-nĩ ‘scratch (v.tr.)’, etymology unclear ME: pakakah ‘grind’, kahne ‘wipe’, kahnion/kihion ‘scratch’, kah’ĩa’ ‘grate’, ĩ’ĩ ‘grate’ (yĩ’ĩ ‘grater’)	8
Duwen	push (softly)	kebadah	—	nja-hai	—	HL: unclear
LL: unclear, but Kähler has hãnã́hã͜i ‘herd/drive sth. back and forth’ (p. 67), panahai ‘to shake’ (v.t.), other words in Kähler are ki’ônĩ ‘push, press’ (p.148), pĩxĩ ‘squeeze (out)’ (p. 249) and epahomôũa’a ‘the pressing’ (< môũ ‘give birth’) (p.194) ME ku’ia’ ‘push’ (cf. Kähler p. 180 ku’i ‘push away’)	8
Stooten	push (heavily)	ha-èh	—			unclear, not recognized by Engga or Milson, Kähler p. 50 ʔē & Helfrich 1916 è ‘push away’	8
Ziek	sick	a-do-hoh	arėh	kapiekah	(kapuh)	HL: Kähler p. 46 edohoẽ(’)adoho ‘fever, malaria’, etymology
unclear
OE d > ME r
OE o > ME ė
LL: unclear if this is the same word, but Kähler has kapuho
‘sick’ (p. 264), from which ME kapuh derives (< apuh),
etymology unclear
ME: arėh ‘have fever’, kapuh ‘sick’	8
Dood	dead	ba-ah	ba’a	koeda-diah	(yakuru)	HL: Kähler p. 17 ba’ao (< bu- + ’ao) ‘die, be dead’, etymology
unclear
LL: Kähler p. 186 eakurua (< kuru) ‘place of death’, unclear if
this is the same word
ME bu- + a’a
OE V# > ME Ø
ME: ba’a ‘dead’, yakuru ‘funeral home’	8
Gewond	hurt/ wounded	di-hoehoh	dihiñk			passive of Kähler p. 87 huka ‘cut apart’
ME: dihiñk (passive of hiñk) ‘cut (in skin)’, kitok ‘wounded’
(Kähler p. 101 ka’itoka ‘be wounded’	9
Blind	blind	ka-pohpoh	kapė pė	kakénèh-bakka	ka’ken bak	HL: meaning ‘dark’, Kähler p. 258 kapõpō ‘become night/dark’
OE o > ME ė
LL: meaning ‘blind eye’, Kähler p. 132 ka’akënë ebaka ‘blind’
(literally’ ‘scabbed eye’)
OE V# > ME Ø
ME: kapė pė ‘dark’ [check again if ka’ken bak ‘blind eye’ is the
correct form]	9
Eeenoogig	one-eyed	ka-kénèh	(ka’ken)			short form of word above, Kähler p. 132 ka’akënë ‘blind’
OE V# > ME Ø
ME: [check again if ka’ken ‘blind’ is the correct form]	9
Loopen	run	keba-hèdie	(kabuher)	hèdie-hèdie	heri	HL: Kähler p. 72 kabahedi ‘be walking (along the beach)’ (kaba- progressive suffix?),
LL: reduplication of ki kñkñ hedi ‘walk (along the beach)’ ME: kihier/kabuher ‘walk along the beach’ (ėg. ki kah baher heri yok ‘go walk along the beach’), heri yok ‘shore’ (recognized by Milson, not by Engga), reduplicated form is kikieher, but the Kähler form would be *kihehedi
This example shows that the elicitation might have taken close to the beach where someone performed a walk/run along the shorė	9
Vragen	ask	hoewarie	—	kha-nioh	—	HL: unclear
LL: unclear
Kähler only has kipakokoi ‘let go, ask, convey’ (p. 162) and
nũnũhũĩ ‘ask’ (p. 210)
ME: ?ñdih ‘ask for’ / nunuh ‘ask’ (intr.v.)	9
Koorts	fever	ke-poearah	(kapur)	adoh	arėh	HL: Kähler p. 261 kapuda ‘boil (tr.v.)’ (< puda), etymology
unclear
OE V# > ME Ø
LL: Kähler p. 46 edohoë(’)adoho ‘fever, malaria’, etymology
unclear; no final vowel in Walland but in Kähler (cf. ‘sick’)!
OE d > ME r
OE o > ME ė
ME: kapur ‘boil’ (tr.v.), arėh ‘have fever’	9
Broeder	brother	pa-djoheh	—			unclear, perhaps a name of someone’s brother?
not recognized by Engga and Milson	10
Hoofd	head	oeloe	yur			Kähler p. 281 e(’)uduëuru ‘head (hair)’ < PAN *quluh ‘head’
OE l/d/r > ME r
OE #V > ME iV
ME: yur ‘head’	10
Neus	nose	fanoh	pan			Kähler p. 238 epãnũ ‘nose’, etymology unclear
ME: pan ‘nose’	10
Oog	eye	bah-kah	bak			Kähler p. 25 ebaka ‘eye, face’ < PAN *maCa ‘eye’ ME: bak ‘eye’	10
Oor	ear	kalila	karih	téi-koeh	—	HL: Kähler p. 109 ekadixaëkarixa ‘ear(lobe)’ < PAN *Caliŋa ‘ear’
OE l/d/r > ME r
LL: Kähler p. 131 ekekū ekarixa ‘bone behind ear (mastoid)’ pre-Kähler t > Kähler k (or assimilation?)
ME: karih ‘ear’, Engga and Milson do not recognize the LL word but recall an expression karih teko ‘disobedient’ and think that this comes from teko ‘teapot’, although this may in fact be related to /teku~keku/ ‘mastoid, bone behind ear’	10
Kin	chin	khie	ki			Kähler p. 144 ekĩ’ĩ ‘knee’, etymology unclear
ME: ki ‘knee’	10
Wang	cheek	papah	pap			Kähler p. 238 epapa ‘cheek’ < PMP *baqbaq~beqbeq ‘mouth’; according to Erik Zobel, this word is rather related to PCEMP *papaR 'cheek', which has the reflex pape in Ulumanda’ ME: pap ‘cheek’	10
Haar (hoofd)	hair (head)	poeroe-oeloe	puru yur			Kähler p. 263/267 epuruëpudu ‘pubic hair’ < PMP *bulu ‘body
hair, fur’ + Kähler p. 281 e(’)uduëuru ‘head (hair)’ < PAN
*quluh ‘head’
OE r/d > ME r
final vocal in puru not lost!
OE l/d/r > ME r
ME: puru yur ‘head hair’	10
Knevels	mustache	poeroe-diepoh	—			Kähler p. 302 porod(o)ipo ‘Bart’, most likely < purudui ‘hair’ (<
PMP *bulu ‘body hair, fur’ + ?*duRi ‘thorn’, cf. Edwards
2015:94-97, or ?*dilaq ‘tongue’) + *po (unclear)
OE l/d/r > ME r
ME: por(d)oip ‘beard’, recognized by Milson, not by Engga	10
Mond	mouth	okoe-diepoh	(kudip)			eukudipoẽukuripo ‘lips’ (Kähler p. 285), etymology unclear, and ehōka’a (< p. 80 ehō uka’a ‘the inside of the mouth = oral cavity’); */dipo/ looks like the second part in ‘mustache’ ME kudipo’ ‘my lips’ (< kudip ‘lips’), ka’ (Kähler eka’a ‘tooth, mouth, snout, beak, tip, rim’, p. 103),	11
Tanden	teeth	kah	ka’			Kähler p. 103 eka’a ‘tooth, mouth, snout, beak, tip, rim’,
etymology unclear
ME: ka’ ‘mouth’	11
Tong	tongue	lio	di			Kähler p. 43 edio ‘tongue’ ?< PAN *dilaq ‘tongue’ (Nothofer
1986:102 and Edwards 2015:78 do not see this etymology
justified)
OE l/d > ME d
ME: di ‘tongue’	11
Hals	neck	panoh	(hanu’)			Kähler p. 67 ehãnṹ’ita ‘throat’, but ‘neck, stem, stalk’ is eit’it (p.
289), etymology unclear
pre-Kähler p > Kähler h > ME h?
ME: hanu’ ‘throat’	11
Schouders	shoulders	apoe-éh	—			Kähler p. 20 eapṹ’iti ‘shoulder bone’ (?< epit’it ‘joint, bone’) ME: iam’iam (cf. Kähler p. 13 e’ami’ami), recognized by Milson and Engga, but the other word for ‘shoulder’ is not	11
Elleboog	elbow	poe-apoh	pu’ ’iap			literally ‘knee of hand’, Kähler p. 268 epit’it u’apo ‘elbow, float ball on boat outrigger’, for etymology of pit’it cf. ‘knee’, for etymology of ’apo cf. ‘veins’
ME: pu’ ’iap ‘elbow’	11
Aderen	veins	a-poh	(’iap)			Kähler p. 19 ’apo ‘hand, outrigger’ < *kapət ‘hold onto, cling to’
(Edwards 2015:94-97); the word for ‘hawser, vein, tendon’ is
oko (Kähler p. 219, ME iok, OE #V > ME iV)
OE #V > ME iV
ME: ’iap ‘hand’	11
Vingers	fingers	minoe-apoh	min ’iap			Kähler p. 192 emina u’apo ‘finger’, etymology of mina unclear; Walland’s form seems like min u’apo without the final vowel in mina
ME: min ’iap ‘finger’	11
Teenen	toes	minoe-ah	min ya			Kähler p. 192 emina uae ‘toe’, etymology of mina unclear; Walland’s form seems like min u’a without the final vowel in mina
ME: min ya ‘toe’	11
Borst	breast/chest	amah	omah			Kähler p. 12 eamahaëãmãhã ‘male chest’, etymology unclear ME: omah ‘chest’, not recognized by Engga, but by Milson	12
Rug	back	kha-poh	—			Kähler p. 114 ekahupou ‘back’ (< p. 112 ekahau ‘backside’ + p. 259 pou ‘backside’)
ME kũk (cf. Kähler p. 181 ekũka ‘back(bone)’, the other word is not recognized by Engga	12
Buik	belly	kidai	kita			Kähler p. 151 ekitai ‘belly’
ME: kita ‘belly’	12
Dijen	thighs	phallah	yapara			Kähler p. 239 eaparã ‘thigh’ (PAN *paqa, Sangir palaŋ, Talaut palaŋa, Malay paha), perhaps eae ‘foot, leg’ + *parã ‘thigh’ ME: yapara ‘thigh’	12
Beenen	legs	ah	ya			Kähler p. 6 eae ‘foot, leg’
ME: ya ‘leg, foot’	12
Knie	knee	poh	pu’			Kähler p. 268 epũ’ũ ‘node, joint’, but epũ’ũ uae ‘knee’ < PMP *buku(h) ‘node, joint, knot in wood’ (Edwards 2015:94-97, Kähler 1987: 268)
ME: pu’ ‘knee’	12
Voet	foot	ah	ya			Kähler p. 6 eae ‘foot, leg’
ME: ya ‘leg, foot’	12
Beenderen	bones	ahoe	e’ea			Kähler p. 1 e’aa ‘bone’
ME: e’ea ‘bone’	12
Bloed	blood	kiakie	kiak			Kähler p. 140 ekiaki ‘blood’
ME: kiak ‘blood’	12
Lippen	lips	koe-liepoh	kudip			Kähler p. 285 eukudipoëukurip ‘lip’ (cf. mouth’ above) ME: kudip ‘lips’ [what is yakorib in ME?]	12
Huid	skin	noelie	—			unclear, Kähler has ’uk/~’ud/ (p. 281), unexplained prefix n-ME iuk ‘skin’	12
Oud	old	napoea-kah	(napuak)			Kähler p. 197 ena’apũaka’a, literally ‘our ancestors’ ME: napuak ‘our ancestors’	12
Jong	young	kahpah	(kapa)			Kähler p. 233 kapae ‘children’
no final vowel in Walland but in Kähler!
ME: kapa ‘children’ (pl. of pa)	12
Zitten	sit	hékoe	hëk			Kähler p. 73 hëkũ ‘sit’
ME: hëk ‘sit’	12
Staan	stand	mahénoe	—			Kähler p. 57 kama’ã͜enũ (< ’ënũ) ‘stand up’
ME abe’ ‘stand up’, ahar ‘wake up, conscious’, the other word
not recognized by Milson and Engga	13
Opstaan (van slapen)	stand up (from sleeping)	khadok	kahar			Kähler p. 64 kahado ‘get up’
ME ahar ‘stand up’	13
Opstaan (van zitten)	stand up (from sitting)	khadoh hekoeh	kahar kur hëkũ			Kähler p. 64 *kahado kude hëkũ ‘get up from sitting’ ME: abe’ kur hekuam ‘get up from sitting’	13
Kaauwen	chew	mamah	mama			Kähler p. 13 e(pa)amai ‘mastication’
ME: mama ‘chew’	13
Weenen	weep	weloh	ker			Kähler p. 51 edo ‘cry’
ME: ker ‘cry, weep’	13
Lagchen	laugh	oh-oh	—			Kähler p. 226 ’o’ó’õ͜i ‘laugh, laughter’
ME kñ’kah, the other word is not recognized by Engga and
Milson	13
Schreeuwen	shout,scream	oh-woh	’ua’			Kähler p. 224 ’o’óa’ai ‘shout, speak out loud’ or p. 283 uē
‘shout’?
ME: ?ũë~’ua’ ‘shout’	13
Roepen	call	pa-harie	bahar			Kähler p. 64 bahadi ‘be calling’ (< ba- ‘progressive’ + hadi
‘call’)
ME: bahar ‘call’	13
Kooken	cook	pa-boeah	pahbñh			Kähler p. 27 epahabəha ‘act of cooking’ or bahəha ‘be
cooking’?
ME pahbñh (or babñh?) ‘cook’	13
Verkoopen	sell	pekèlie	kñdia’			Kähler p. 215 kodía’a ‘sell’, prefix ba-/pa- unexplained ME: kñdia’ ‘sell’	13
Koopen	buy	kapa-beoh	(kapabehoa’)			unclear, but this resembles ‘steal’ (cf. below)
ME: kapabehoa’ ‘accused of stealing’ (with pa...a’ < beh
‘steal’), kahėr ‘buy’ (Kähler p. 215 k(i)odi ‘buy’)	13
Stelen	steal	pah-beoh	babeh			Kähler p. 27 babeho ‘be stealing’
ME kabeh ‘steal’ / kababeh ‘bu-form’, pabehoa’ ‘accused of
stealing’ (pa-a’), cf. ‘buy’	13
Moorden	murder	poh-beah	—			unclear
ME: pahbė ‘hit’ [Kähler form?), (pa)kahre ‘kill’ (cf. Kähler:
pakahade)	13
Dragen	carry	koleh	kor			Kähler p. 157/164 kode~kore~kole ‘carry on shoulder’ ME: kor ‘carry on shoulder or in hands’	14
Vastbinden	tie up	pamieh	(kah)’u̇ a’			Kähler p. 59 bu’ə̃́a’a ‘tie’ (<’ə̃́a’a), initial pam- unclear ME: kah’u̇ a ‘tie’, *pam’u̇ a’ does not exist	14
Geven	give	pléh	pe			Kähler p. 242 pē ‘give’, the -l- is unexplained
ME: pe ‘give’	14
Losmaken	undo	améah	kėmia’?			unclear, but Kähler has kõmõĩ ‘escape’, kikõmõĩa’a ‘set free’ ME: kėmia’ ‘set free’, kė ‘open’	14
Zoeken	look for	no-noi	inėn			Kähler p. 209 nũnũ ‘look for’
ME: inėn ‘look for’	14
Vinden	find	béo-boh	(ba’oboh)			unclear, Kähler only has kõ’õhõá’a (p. 167)
ME ba’oboh (< a’ob) ‘get hit’ (IN: ‘nanti kamu kena’,
adversative passive, [Kähler form?], pakõha’ ‘find’	14
Spreken	speak	hidjie	(yic)			Kähler p. 90 (e)iciẽiji ‘voice, word, sound, tone, conversation,
message, issue’
ME: kaici ‘speak’, yic ‘voice’	14
Maken	make	papa rèie	parpari’			Kähler p. 232 padí’o ‘produce, make, work on, prepare’, maybe
reduplicated form
ME: parpari’ ‘make’	14
Roeijen	row	vha-hodjie	ba’ic?			Kähler p. 218 ’õ͜ici ‘row’ (is the form ba’õ͜ici attested?)
ME u̇ ic ‘to paddle/row’, yu̇’u̇ ic ‘oar’ kaba’ic ‘dependent form’, kau̇’ic, ėg. adu̇ r ean kabah’u̇ ic ‘after that we are rowing’, ah’u̇ i ‘rowing’	14
Trouwen	marry	paharadoe	—			Kähler p. 35 ba’adadu~ba’aradu ‘marry a man’ (< dadu
‘husband’)
ME: pahu̇ n ‘have a wife’, ba’dar ‘have a husband’, kawer	14
						‘marry’, ėg. Susi kibuh ba’dar Engga (have as husband), Engga	14
						kibuh ma’hu̇ n Susi (have as wife)
[Does this example show that Walland interviewed a woman?]	14
Bevallen	to please	poh-poh-reh-parah	—			unclear, not recognized by Milson and Engga	14
Praten	talk	penah nahoe	panana			Kähler p. 237 (ki)pananaũ ‘keep talking’ (reduplicated form of
panaũ ‘talk’)
ME panana (red. of pana ‘speak’)	14
Ruiken	smell	menoeh	minu’			Kähler p. 192 mĩnũ’ũĩ ‘smell, sniff at’
no final vowel in Walland but in Kähler!
ME: minu’ ‘smell’	14
Loopen	run	kah	(kah)			Kähler p. 1 kā ‘go away’
ME kah ‘go’	15
Zeilen	sail	ke-poeakah	(kipuak)			Kähler p. 261 kipu(’)aka ‘leave, depart, go on travels’ ME: kipuak ‘I will leave, I will go’	15
Uitwerpen (anker)	throw out (anchor)	menapa-pahoea oebah	—			unclear, but Kähler p. 214 ki’obua’a ‘use, throw sth., do sth.
with sth.’
ME: ka(h)’ñbña’~kah’ėbña’ ‘use’	15
Brandhout	firewood	kekoeoh djowbie	ku yėb			Kähler p. 82 ehoku u’obi ‘firewood’, composed of hoku ‘tree stump’ (p. 82) and obi ‘fire’ (p. 213), but initial ke- and dj-, but maybe the first part is a misspelling of hoku?
ME: ku pahbñh ‘firewood for cooking’, ku yėb ‘wood to make fire’ (rarely used acc. to Milson, Engga doesn’t recognize this, this form would be *ekuoẽkue u’obi in Kähler, but not attested on pp. 175 or 186	15
Visch	fish	aijoh	’iai			Kähler p. 10 e’ã͜íyo ‘fish’ (PAN < *kawil-ən ‘fishhook’) ME: ’iai ‘fish’	15
Vreemdeling	foreigner	fakka mehonoh	—			misspelling of taka ‘human’, cf. ‘person’
Kähler p. 193 ekaka kude mõhõ ‘person from outside’, but
leaves final -no unexplained
ME only has ko’mai ‘foreigner’	15
Rottan	rattan	kiehie	kĩhĩ			Kähler p. 143 ekĩhī ‘thin k.o. rattan’, apparently Calamus insignis Griff.	15
Rottan Touw	rope, ratten	kho-ia	kô’ĩa			Kähler p. 161 ekô’ĩaô ‘k.o. tree’, Kähler translates this as baguk, but it’s actually melinjo, apparently Gnetum gnemon L.	15
Grof rottan	rope,coarse	kho-ia-ma-akoe	kô’ĩa + ?	kekerahah	—	HL: first part from Kähler p. 161 ekô’ĩaô (cf. above at ‘rope,
rattan’), second part unclear
LL: unclear, not recognized Engga and Milson for ME
ME: (kadi) kô’ĩa ‘melinjo (rope)’	15
Brits (balie balie)	plank bed (balé-balé)	kho-inoh	—			unclear, not recognized by Engga and Milson	15
Mat	mat	oehouw-oenie manu	—			unclear, Kähler has eanũa ‘sleeping mat’ (p. 16) and e’uehea ‘place to sleep, bed, mat plaited from leaves’ (p. 283), the second recognized by Milson but not by Engga
ME: uehe ‘bed, place to sleep, mat’	15
Mandje (bord)	basket	o-nèkeh	onekũnek			Kähler p. 287 e’ũnẽkẽ ‘basket to store food’
ME onekũnek ‘basket’ (both variants exist)	15
Klappers	coconut	epoh (fi-èloh)	(po pi ...)	kaloekoe (Boegineesch)	—	Kähler p. 254 epō ‘coconut (palm)’ (< PAN *puqun ‘base of tree’), the second part in parentheses is unclear, maybe a compound with pia ‘garden’ (p. 248)?
LL: Buginese kaluku (listed in the Buginese dictionary 1883, p. 27, by the Mission Press, and in Said 1977:95), Milson doesn’t recognize this
ME: po pi ... ‘coconut garden’	16
Olie	oil	fiopoh	(mia’ po)			unclear, not recognized by Engga and Milson, but maybe a compound of ‘coconut + oil’, Milson says that in the olden days people used coconut oil to make fire
ME: mia’ po ‘coconut oil’	16
Eijeren	eggs	haoah ko-eikoh	—			literally ‘child of fowl’, probably with a typo of o instead of r (cf. ‘child’), Kähler has eara uki’adobu (p. 20), cf. ‘rooster’ for the second part, ME doesn’t use this compound anymore ME teror (< Malay telor ‘egg’)	16
Rijst	rice	heroh-kioh	arkih			literally ‘child of ant’, cf Kähler eara ukíxo ‘husked rice (IN:
beras)’
ME: arkih ‘rice’	16
Hoofdbedekk ing	headgear	kali-kokoh-oeloé	kadi yur / toko’			ME kadi yur ‘traditional headgear’ (< IN: tali ‘rope’), toko’ yur ‘hat’ and yõkõ’ (yur) ‘traditional headscarf’, not found in Kähler except for kadī~kadiō ‘rope’ (p. 108/109)
kokoh might refer to the nipa palm?	16
Kleeding in het algemeen	clothing in general	do-boe-oe	dobu’			Kähler p. 44 edobuẽlobu ‘matter, thing, goods, possession, gift,
jewelry’ with possessive suffix -’u ‘my’
ME dobu’ ‘my goods’ (< dobu)	16
Kleeding van het bovenlijf	clothing of the upper-body	oefah	(yėpėrd?)	kali-kekoh	kadi kok	HL: unclear, but cf. Kähler p. 228 eopõ͜uda ‘clothing material, cloth’, maybe a misspelling of oedah or oetah with clipping of first syllable
LL: unclear, but maybe a compound of ‘rope + breast’ as there is no tradition of clothing on Enggano, cf. Kähler kadī~kadiō ‘rope’ + ekoko ‘breast’
ME: ?yėpėrd ‘cloth’
ME kadi kok ‘breast rope’	16
Kleeding van het benedenlijf (sarong of broek)	clothing of the lower-body	akah-wioh	(karwah)	kali-kekoh	kadi kok	HL: unclear, but cf. Kähler p. 125 ekarawae ‘trousers’ (<
Malay/Minang serawal ‘trousers’)
LL: cf. above
ME: karwah ‘trousers’, also yñ’ña’ ‘strap’, aroro’ ‘rock’	17
Sprei	cover/blank et	Kho-pie	(kõp)			Kähler p. 169: kõpĩ ‘to cover’ / eõkõpĩ ‘something used to
cover’
ME: kõp ‘to cover’	17
Parang	machete	khobie	—			cf. Mandar kobe~kobi’~koβi ‘machete’, Milson and Engga don’t recognize this word	17
Mes	knife	e-aw	e’a	pieko-pieko	—	HL: Kähler p. 22 ea’au ‘knife’
LL: unclear, but maybe from piko-piko as a borrowing from
Malay pisau-pisau ‘knives’
ME: e’a ‘knife’ (cf. e’au ‘my knife’)	17
Kladie	taro	oh-dohpoh	udėp	poekiah	—	HL: Kähler p. 281 e’udopo ‘taro (tuber)’
LL: Kähler p. 257 epoke’a ‘taro’ (Colocasia esculenta or Colocasia antiquorum, cf. de Clerq 1909:207 epokejak-kejak, Heyne 1927:451 epoh kèak, references in Kähler), not recognized by Milson and Engga, instead suggested apuk ‘pull out’, cf. also Kähler p. 265 pũkã ‘grow rampant’
ME: udėp ‘taro’ (generic), ka’pũk ‘grow rampant’	17
Sabel	saber	poeroe takka	(pur kak)	kikoêmak-kah		HL: Kähler puru etaka ‘kill a person’
LL: unclear, not recoganized by Milson and Engga
ME: pur kak ‘kill a person’	17
Vijl	file	kah-kohleah	kakorea			Kähler p. 103 eka’a ukoreã͜o ‘file’ (lit.: mouth + k.o. bird’) ME: kakorea ‘nail file’	17
Bijl	axe,cleaver	kèha	keh	behioe	bohi’	HL: Kähler p. 130 ekehe ‘hatchet’
LL: Kähler p. 29 ebohe ‘spear, lance’, here perhaps ebohe’u ‘my
spear’
ME: keh ‘axe, cleaver’ (cf. kehe’ ‘my axe’)
ME: boh ‘spear, lance’ (cf. bohi’ ‘my spear’)	17
Ring	ring	kalihah-apah	karea’eap			Kähler p. 126 ekarixai u’apo ‘finger ring’, related to ekarixa ‘ear’
ME: karoe’eap~karoa’eap~kara’uap ‘finger ring’, but karoa’ cannot be synchronically analysed	17
Oor-verciersel	earring			kenènèh-ka-rika	(kinenek karix)	starting from here, the original list is wrongly arranged, the HL should be placed under ‘coral’
LL: unclear, but perhaps literally ‘the ear is torn’, cf. Kähler p. 202 kinẽnẽkĩ ‘tear’ 202 + p. ekarixa ‘ear’
ME: kinenek karix ‘the ear is torn’, but normally ka’hõp karix ‘the ear has a hole’ (cf. Kähler p. 83 ehopa uadehəa ukarixa ‘hole in the earlobe’)	18
Koralen	coral	mané-mané	—			HL: from Malay manik-manik ‘beads for adornment made from corals’	18
Koperdraad	copper wire	khalé-leah				not recognized by Milson and Engga, Kähler p. 129 ekededea ‘copper’	18
IJzer	iron	aw				This is the same word as for ‘knife’, see therė	18
Piek	pike	kha-ioh				Kähler p. 105 eka’ã͜i’io ‘spear, lance, war’
ME: ka’ai ‘spear’ (cf. ka’yo’ ‘my spear’)	18
Schild	shield	khie-ah				unclear, not recognized by Milson and Engga, perhaps a verb with another meaning, cf. Kähler p. 154 kiu ‘protect oneself, find shelter, hide’	18
		roh-roh				It is unclear what this word is the translation for, not recognized by Milson and Engga	18
Klapperwater	coconut juice	bé-poh				Kähler p. 26 ebē upō ‘coconut water’ (lit. ‘coconut sap’) ME: be po ‘coconut water’	18
Kist, doos	box, case	oebah-dobah	—			unclear, not recognized by Milson and Engga, Kähler does not have a word for ‘box’, first element looks like uba ‘house’, second element like dobu ‘thing’, i.ė ‘house-thing’?	18
Schaar	scissors	éhèhlèh	—			unclear, not recognized by Milson and Engga, Kähler only has p. 252 eĩpĩnĩẽpaĩnĩ ‘scissors, pliers’	18
Bamboe	bambu	abèhah	abeh			Kähler p. 3 e(’)abeha ‘bamboo’
ME: abeh ‘bamboo’	18
Niboeng	palm tree, k.o.	eh-fah	’ẽp			Kähler p. 58 e’ẽpõ ‘nibung tree’
ME: ’ẽp (cf.’ẽpe’ ‘my nibung tree’)	18
Bladeren (boom)	leaves (tree)	toeroe	pur(du)~pururu			the t is probably a misspelling/misreading of f, cf. Kähler p. 267
epuru(dui) ‘leaf’
ME: pur(du)~pururu ‘leaf’	18
Wortelen (boom)	roots (tree)	apoh				Kähler p. 19 eapũ ‘root of a plant’
ME: ’ẽãp ‘root’	18
Spijker	nail	poh-koh				unclear, maybe borrowed from Malay paku ‘nail’	18
Distel (gereedschap)	adze (tool)					unclear	19
Hamer	hammer	pekah-kah	epakaka			Kähler p. 116 epakaka’ã͜i ‘hammer’
ME: ?epakaka ‘hammer’	19
Hout	wood	koeoh				ME: ku	19
Vischnet	fishnet	khaboh				ME: kab (eai) ‘jaring ikan’	19
Werpnet	casting net	poeka-poeka				ME: puke ‘pukat’ (jaring)	19
Riem	belt	hordjie				ME: kudi’	19
Zeil	sail	maneh-neh				PM not recognized
Kähler dayar	19
Hals-verciersel	neck ring	khi-kah				ME: kĩk	19
Naald	needle	koh-ie				ME: kuh ‘jarum untuk ranjau dari nibung / spiky booby trap’	19
Naaijen	sew	oh-koh				ME not used anymore, maybe from koh-ie	19
Anker	anchor	pahoe				PM not recognized	19
Regen	rain	eboh-koelie djèbéh (water van boven)				bė .kur tep ‘water from above’	19
Wind	wind	kie-oeh				ME: ki	19
Weerlicht	lightning	eloh-ahbah				ME: doap ‘lightning’	19
Donder	thunder	la-hoe				ME: daoh ‘thunder’	19
Veel	many	mohkoh				ME: mėk	19
Weinig	little	kehi-mamah				ME: ba’ki ‘sedikit’, Kähler p. 397	19
Duur	expensive, length	mokkoh-lie				ME: mė’ ka’ėr ‘yang mahal’ / mėk yėr ‘a lot of prices’ (not used in ME, but in Kähler 382 mõkõ eodi	19
Zwaarlijvig	fat	mokko-kera-aha				ME: *mėk karah ‘lit.: banyak badan’ (harusnya amuh karah
‘besar badan)
now used kã’ãũ ‘fat’	19
Mager	lean	kanie-kanie-kera-aha				*nu’ik / nu’ karah ‘little body’	19
Hard	hard	makoekoh				ME not recognized?
ME: ka’ok ‘keras’	19
Zacht	soft	kalileh				ME: karer ‘soft’	19
Mooi	beautiful	khi-ho-ie				ME: ka’u ‘beautiful’	19
Leelijk	ugly	mahenah				ME: kibob ‘buruk’	19
Zeer leelijk	ugly, very	mokkoh-mahenah				not recognized by PM	20
Rond	round	kenahie-niah				kabubu/kadidih ‘bulat’
PM doesn’t recognize	20
Vierkant	square	ke-di apoh				< segi aop ‘four corners’ or kadidi aop ‘four round’	20
Hoog	high	ènoh				ME: a’inu’ (panjang), but a’ikin ‘tinggi’ now used in ME	20
Lang	long	koe-oh				ME: ka’kuė’ ‘too short / tanggung’ (in comparison)	20
Goed	good	kha-oewah				ME: ka’o ‘baik’ / ka’owar ‘sembuh’	20
Slecht	bad	kio-haie				ME: ke’ya’u ‘tidak bagus’	20
Zuur	sour	hia-mèh				ME: kihiam ‘pedas, gatal’	20
Bitter	bitter	kioha-mèh				ME: has kadėhai ‘bitter’	20
Zout	salt(y)	piemonie				ME: ‘not sweet?’ (kiep...) / ke’ ya’mün ‘sweet’	20
Spoedig	soon	ma-aboe				ME: not recognized by PM	20
Hoeveel	how many?	api-ka				ME: apiah?	20
Alles	everything	khidrah				ME: kiarda ‘all’	20
Hoelang geleden	how long ago?	apêha-no-oi				ME: apiah yabėrėb yi i’ĩe’?	20
Lang	long	ènoh				ME: hobuėr ‘sudah lama’	20
Breed	wide	poh-horah				ME: a’ipoh	20
Groot	big	kakoekah				ME: amuh ‘big’	20
Klein	small	koh niekieh		noe-ie-kie		ME: nu’ik ‘kecil’ / kapah kah nu’ik ‘little children’	20
Dapper	brave	é-boek				?	20
Een	one	kaihie				ME: kahai’	20
Twee	two	adoeah				ME: aru	20
Drie	three	akoh-loe				ME: akėr	20
Vier	four	oepah				ME: aob	20
Vijf	five	aliebah				ME: arib	20
Zes	six	kai-kinah				ME: akiakin	20
Zeven	seven	aliebah-adoea				ME: arib he aru	20
Acht	eight	opah ijoepah				ME: kipa’iop / apa’iop	20
Negen	nine	aliebah ijoepah				ME: kaba kahai’	20
Tien	ten	kapoeloe				ME: kipä’äũ’	20
Elf	eleven	kapoeloe kaihie				ME: kipä’äũ’ i kaha’i	20
Twaalf	twelve	kapoeloe adoeah					21
Dertien	thirteen	kapoeloe akoh-loe					21
Veertien	fouteen	kapoeloe oepah					21
Vijftien	fifteen	kapoeloe aliebah					21
Zestien	sixteen	kapoeloe kai-kinah					21
Zeventien	seventeen	kapoeloe aliebah-adoea					21
Achttien	eighteen	kapoeloe opah ijoepah					21
Negentien	nineteen	kapoeloe aliebah ijoepah					21
Twintig	twenty	kaihie takkah				ME: kahai’ kak	21
Dertig	thirty	kaihie takkah kapoeloeh				ME: kahai’ kak kipã’ãũ’	21
Veertig	forty	adoeah takkah				ME: aru kak	21
Vijftig	fifty	adoeah takkah kaihie poeloeh				ME: aru kak kipã’ãũ’	21
Zestig	sixty	akohloe takkah				ME: akėr kak
ME: akėr kak kipã’ãũ’
ME: aob kak	21
Honderd	hundred	halibah-takkah				ME: arib kak / kahai’ ratuh	21
Duizend	thousand	kapoeloe takkah				ME: kaha’i dibu	21
Hoe is uw naam?	What’s your name?	ha-nia-moe?	Ha niem?			Kähler: Haĩ nĩə mũ?, literally ‘who is your name?’	21
Van waar komt gij?	Where do you come from?	koeloe-ia-oh	Kur i’iah ė'?			Kähler: Kude i’íaha ’o’o?, literally ‘From where are you?’	21
Kom hier	come here!	adeh-waij dje-éh	Are ite!; Awa ite!			Kähler: Are’e ... ite’e!, literally ‘Come hither here’; the construction is unclear	21
Blijf daar	stay there!	kaiama djidjah (ohbea djidjidah)	Kah ... idit!			Kähler: Kā ... itíta!, literally ‘Go there!’; the word iama is
unclear, but there is also amā ‘go away!’
ėbi/obi idit ‘you be there’	22
Gaat spoedig	go soon!	ma-akoe kehedie	—			Kähler: ... kixedi! (< hedi ‘walk along the beach’), [1st word unclear]	22
Verwijder u!	move!	kahi-ah	Kahai i’iah? / (ė) ka’ai			Kähler: Kahá̃͜e eíaha!, literally ‘Go the place’ [2nd word not sure] ME: Kahai i’iah? ‘Where are you going?’ / ė ka’ai ‘you go out’	22
Ik heb honger	I’m hungry	oewah hiko	U kõ.			Kähler: ’Ua ekō, literally ‘I hunger’, prefix h- unclear ME: U kõ. ‘I am hungry.’	22
Ik wil eten	I want to eat	ika manoh	Ik kah mano.			Kähler: ’Ika’a mãnō , literally ‘we are eating’, [attested?] ME: Ik kah mano. ‘We go to eat’	22
Ik wil slapen	I want to sleep	ika bahoea	Ik kah ba’ueh.			Kähler: ’Ika’a ba’úehe, literally ‘we are sleeping’, [attested?] ME: Ik kah ba’ueh. ‘We go to sleep’	22
Ik wil mij baden	I want to have a bath	ika baikeh	Ik kah babek.			Kähler: ’Ika’a baeke, literally ‘we are bathing’ [check if attested] ME: Ik kah babek. ‘we go and take a bath’	22
Het is warm	it’s hot	mokhoh kehah	—			This expression is not used in ME and not attested in Kähler, but it seems like a compound of moko (ME: mėk) ‘a lot’ and kaha’o (ME: kaha’) ‘day, weather, sun’ = a lot of sun?	22
Het is koud	it’s cold	mokhoh hioh	—			This expression is not used in ME and not attested in Kähler, but it seems like a compound of moko (ME: mėk) ‘a lot’ and e’ə ̃́ hə ã (ME: ĩu̇ h) ‘coldness’ = a lot of coldness?	22
Geef mij pisang	give me a banana	ano-kiaij-ajoh	—			unclear, but cf. Kähler p. 198 enãkõ ‘ripe (banana)’ + p. 9 kai’ia’ã͜əa ‘will bring down’, so maybe enãkõ kai’ia’ã͜əa means something like ‘bring down a ripe banana’?	22
Gaat daar zitten	sit down there	hèhoe djidjah	Hẽk (i)dit!			Kähler: Hẽku itíta!, literally ‘sit there!’	22
Zijt niet bang	don’t be scared	iada niekie niekie	—			Kähler: Yara’a~yada’a (ka)nĩkĩnĩkĩ! ‘Don’t shake/tremble!’ ME: yar yããh ‘jangan takut’	22
Raap dat op	pick that up	na-ma-ana	Namna’!			Kähler: Na-mã-na’a ‘they take it’, perhaps with da- ‘3PL’ + ba-‘progressive’ + na’a ‘take’
ME: Namna’! ‘They take it’	22
Vaart-wel	be well	wah-dji-eh	(Awa dit ãh!)			Kähler: ’Ana ā itíta, literally ‘then go there’, first part unclear, also in ME	22
