ID,Dutch_Orig,English_gloss,High_Language_HL,Contemporary_Equiv_HL,Low_Language_LL,Contemporary_Equiv_LL,pagenum,Rm_HL,Rm_LL,Rm_Sound_Changes,Rm_Contemporary_Enggano_Translation,Rm_Kahler,Rm_Others
1,De zon,The sun,bakka-kaha,bak kaha’,bakka-moenai,—,1,HL: cf. Kähler p. 25 ebaka ukaha’o ‘eye of day’ < PAN *maCa + ?,"LL: ‘eye of moon(?)’ (cf. ‘moon’), not in Kähler",OE V# > ME Ø,ME: bak kaha’ ‘sun’,,no final vowel in Walland but in Kähler!
2,De maan,The moon,kanoeah,kanña,moena,—,1,"HL: cf. Kähler p. 121 kanə ̃́ã͜i ‘moon, month’, etymology unclear ","LL: ?< PAN *wulan ‘moon’ or borrowing from Bengkulu Malay bulan as mũna (< *bũla), cf. muo < bungo ‘flower’",,ME: kanña ‘moon’,,
3,De sterren,The stars,peloa,—,kenoeaij-noekie (kleine maan),kanña nuik,1,"HL: cf. Kähler p. 19 e-ʔaperúã͜u (PAN *bituqən rather unlikely, which has the Enggano reflex ẽ-pẽkõ ‘evening star’ acc. to Edwards 2015:97-98);","LL: literally ‘small moon’ (acc. to Engga, some speakers might call a star kanña nuik ‘small moon’)",,ME: ko’mim ‘star’ (Kähler p. 123 ka’õmĩmĩ ‘star in the Milky Way’),,
4,De zee,The sea,oeweh,yu,Praboh’e,—,1,HL: Kähler p. 283 ’ue ‘sea’ (PAN *wahiR unlikely),"LL: Kähler p. 241 eparoba ‘deep sea’, etymology unclear",OE #V > #iV,ME: yu ‘sea’,,
5,De aarde,The earth,loppoh,dop,,,1,,,OE V# > ME Ø ; OE l > ME d,"ME: dop ‘land, earth’","Kähler p. 47 edoppoẽtopoẽlopo ‘land, earth, weather’, etymology unclear",
6,Water,water,é-boh,bė,Lebo-leboh,—,2,"HL: Kähler p. 28 ebõ ‘rain, water, river’, but cf. Kähler p. 26 ebē ‘sap, liquid’ (< PAN *wahiR acc. to Edwards 2015:94-97)","LL: unclear, perhaps variant of ebõ",OE o > ME ė,ME: bė ‘water’,,
7,Steenen,stone,ééah,ye,pakoe-pakoe,—,2,"HL: Kähler p. 50 e’ea ‘stone’, etymology unclear but cf. Modigliani (1894:277) eèa ‘coral reef’ (cf. Malay batu karang, lit. ‘coral stone’)","LL: Kähler p. 236 (ẽa)pakũ ‘anchor, headcover cylinder for women’), the headcover is also explained in Mod. p. 153 epácu, p. 156-160, vRos 1855:209, Marschall 1982:30, Keuning p. 177?)",OE #V > #iV,ME: ye ‘stone’,,
8,Vuur,fire,apoeah,—,obie,yėb,2,"HL: likely a variant of LL, also from PAN *Sapuy where the /a/ and /p/ are regular",LL: Kähler p. 213 e’obi < PAN *Sapuy acc. to Edwards 2015:97-98 but with irr. *a > /o/ and irr. *p > /b/ (cf. HL),OE o > ME ė ; OE V# > ME Ø,ME: yėb ‘fire’,,
9,Rivier,river,baka-oewah,bak iu,beloea,bero,2,"HL: Kähler p. 25 ‘shipping channel in the reef’ (IN sawang), still used in ME","LL: Kähler p. 26 bedoa ‘river, estuary’, etymology unclear, but Sikule has eloa and Simeulue has luan",OE V# > ME Ø ; OE l > ME r,"ME: bak iu ‘shipping channel’, bero ‘river’",,
10,Berg,mountain,koh,kėh,pawah,—,2,"HL: Kähler p. 160 kóhõ͜i ‘mountain, hill’, etymology unclear ","LL: unclear, but cf. Kähler p. 242 paũpa’a ‘pile up arbitrarily’ ",OE o > ME ė,ME: kėh ‘mountain’,,
11,Bosch,forest,howdah,—,koë-koë,(ho’ku),2,"HL: unclear, but possibly connected to Kähler p. 80 ehō ‘inside’, is ixō ukue ‘forest, lit. inside the woods’ used in texts?","LL: Kähler p. 177 ekue ‘forest’, p. 185 ekuo ‘tree, wood, pale’",,"ME: ho’ku lit. ‘inside the woods’ ; ME: ku ‘forest, wood’",,
12,Wit,white,kha-oedaija,kadaih,,,3,,,,ME: kadaih ‘white’,"Kähler p. 280 ka’udã͜ixo ‘white, bright, clean’, related to dakixóho ‘noon, on a bright day’ (Kähler p.37)?",
13,Zwart,black,khah-khoh,kakė h,kahèlo-èloh,—,3,,"LL: Kähler p. 72 kahedo ‘black, dark’",OE o > ME ė,ME: kakė h ‘black’,,"HL Kähler p. 159 ka’akõhõ ‘dark, black’"
14,Rood,red,kanoeaij,—,kai-koh-koh,(katok),3,HL: unclear,LL: Kähler p. 162 ka’ikoko ‘red’ (?< ekiaki ‘blood’),OE k > ME t (or dissimilation?),,,
15,Groen,green,ka-akiema,—,,,3,,,,ME: kablao < Dutch blauw ‘blue’,"Kähler p. 147 ka’akinĩpa~kaäkienafah ‘violet, green, blue, dark blue’",
16,Blaauw,blue,ka-prohbah,—,,,3,,,,ME: kablao < Dutch blauw ‘blue’,Kähler p. 241 ka’aparoba ‘deep blue’ < eparoba ‘deep sea’ (cf. ‘sea’ above),
17,Dag,day,manika-loppoh,kanik dop,,,3,,,OE V# > ME Ø (2x) ; OE l > ME d,ME: kanik dop ‘bright day’,,"literally ‘bright earth’, Kähler p. 204 kamanĩka edopo ‘daylight is coming, bright’"
18,Nacht,night,kapohpoh-loppoh,kapė pė dop,ko-assaij-loppoh,kako’aih dop,3,"HL: literally ‘earth becomes dark’, Kähler p. 258 kapõpō ‘become night’","LL: literally ‘earth becomes dark’, Kähler p. 156 kako’aixa edopo ‘it’s night’, the ‘ss’ most likely represents as mishearing of /ç/",OE o > ME ė ; OE V# > ME Ø (2x) ; OE l > ME d,"ME: kapė pė dop ‘it gets dark’, kako’aih dop ‘it’s night’",,
19,Varken,pig,koijo,koi,abi-abi,—,3,HL: Kähler p. 172 ekoyo ‘domesticated pig’,"LL: unclear, but vRos has hawi hawi, vdStraten has abie abie for ‘pig’, Kähler p. 213 has e’obo ‘wild boar’, not recognized by Engga / Milson",OE V# > ME Ø,ME: koi ‘pig’,,
20,Hond,dog,bé-oh,be,,,4,,,OE V# > ME Ø,ME: be ‘dog’,"Kähler p. 27 ebeo ‘dog’, onompatopoeic word? Kähler (1987:27) says that dogs were imported to Enggano from Sumatra",
21,Rat,rat,i-hoea,—,koe-anie,—,4,"HL: Kähler p. 86 ehúao ‘mouse, rat’, etymology unclear ","LL: Kähler p. 156 ekõ’anũ ‘mouse, rat’, etymology unclear Engga says that there are no rats on Enggano and hence there’s no word in ME for this animal, but there seems to be a critically endangered endemic species called Rattus enganus",,,,
22,Vogel,bird,hoe-hoe,—,oemauw,(ke’ep) uma,4,"HL: possibly onomatopoeic, cf. Kähler p. 289 e’u’uẽu’uhū ‘owl’ ","LL: Kähler 285 p. e’ũmaõ ‘wild pigeon (IN: burung pergam)’, cf. more sources in Kähler, the subspecies Ducula aenea consobrina is endemic to West Sumatra",OE V# > ME Ø,ME: ke’ep uma ‘Green imperial pigeon’,,
23,Slang,snake,nanoah,nanoa,,,4,,,,ME: nanoa ‘small green snake’,,"common small green snake which lives in the forest, as opposed to the bigger apũ’ ‘python’ (maybe Malayopython reticulatus?) "
24,Haan,rooster,èkoh-èkoh manie,—,koh-koh,—,4,"HL: literally ‘male fowl’, cf. LL","LL: pre-Kähler sources show /koko/, not attested after 1916, only eañāmũ (emanĩ) (only listed in index) < Malay ayam, and eki’adobu (Kähler p. 140) of unclear origin",,ME: ayam man ‘rooster’,,
25,Kip,hen/chicken,èkoh-èkoh-howdah,—,,,4,,,,ME: ayam hiñr ‘hen’,,cf. above
26,Mensch,person,fakka,kak,,,4,,,OE t > ME k,ME: kak ‘person’,,"perhaps misspelling/misreading of takka?, cf. Kähler p. 116 ekakaẽtaka ‘human being’ < PAN *qaRta (Edwards 2015:97-98, Nothofer 1994:403, Mahdi 1988:58,412, Blust 1972)"
27,Man,man,fakka-manie,kak man,,,4,,,,ME: kak man ‘man’,"Kähler p. 190 ẽ-manĩ < PAN *ma-RuqaNay ‘male’ (Edwards 2015:94-97, Kähler 1987:190)",cf. above for kak
28,Vrouw,woman,fakka-howdah,kak hiñr,,,4,,,,ME: kak hiñr ‘woman’,"Kähler p. 86 ehuda ‘woman, female’, etymology unclear",cf. above for kak
29,Kind,child,harah,yar,,,5,,,OE #V > #iV ; OE r/d > r,ME: yar ‘child’,"Kähler p. 4 eadaẽara ‘child, offspring’ < PAN *aNak ‘offspring’ (Edwards 2015:94-97, Nothofer 1986:100, ACD 183, Kähler 1987:4, 20), initial h- unclear",
30,Zoon (ongetrouwd),son (un-married),harah (manie),yar man,,,5,,,,ME: yar man ‘son’,,cf. above for iar ; cf. ‘man’ for man
31,Zoon (gehuwd),son (married),harah-aboe-peradoe,—,,,5,,,,,"Kähler p. 35 ba’aradu (< dadu) ‘already married’, with eadaẽara (cf. ‘child’), leaves *abu unexplained",
32,Vader,father,amah,am,,,5,,,OE V# > ME Ø,ME: am ‘father’,"Kähler p. 12 amã ‘father(-in-law)’ < PAN *amax ‘father’ (Edwards 2015:94-97, ACD 134, Kähler 1987:12)",
33,Moeder,mother,ka-beah,—,,,5,,,,ME: na ‘mother’,,"unclear, maybe related to bəha (Kähler p. 27) ‘cook’?, Boewang and vRosenberg also give /(u)kabiyu/"
34,Weduwe,widow,keboekoeh,(kabake),,,5,,,,ME: kabake ‘widower’,"Kähler p. 106 ekabake ‘corpse, dead person, bereaved one, sufferer, wrongdoer’ < PAN *ma-aCay ‘dead, die’, source of ka-unclear (Edwards 2015:94-97)",
35,Weduwenaar (ongetrouwd),widower (unmarried),poelie,(purih[iė]),,,5,,,OE l/r > ME r,ME: purih[iė] ‘(place of) mourning’,Kähler p. 267 purixo ‘widower’,
36,Dochter,daughter,harah-howdah,yar hiñr,,,5,,,,ME: yar hiñr ‘daughter’,,"cf. ‘child’ for iar, cf. ‘woman’ for hiñr"
37,Dochter (getrouwd),daughter (married),harah-howdah aboe peradoe,—,,,5,,,,,,"cf. ‘son (married)’, first part unclear"
38,Huis,house,oebah,yub,prahoe,—,5,"HL: Kähler p. 279 euba < PAN *Rumaq (Edwards 2015:94-97, Kähler 1987: 279, ACD 7303, Nothofer 2021)","LL: unclear, but cf. Kähler p. 256 e(o)põhõ̃͜i ‘house (archaic)’",OE #V > #iV ; OE V# > ME Ø,ME: yub ‘house’,,
39,Handels-vaartuig,commercial vessel,obah koé,—,oebah ko-mai-nja,—,6,"HL: unclear, literally ‘house of trees’, ","LL: unclear, literally ‘house of ???’",,ME: iub ku makes no sense ,,
40,Sampan,sampan,lohah,doha,lepah-lepah (Boegineesch),—,6,"HL: Kähler p. 46 edoh(ə/o)ao ‘boat’, etymology unclear","LL: lepa(-lepa) ‘traditional canoe’ in Sulawesi, Modern Buginese lofi~lopi ‘boat’?",OE l > ME d,ME: doha ‘sampan’,,
41,Ik,I,njoh ikah,(ĩė ’ + ik),oewah,u,6,"HL: Kähler i’iõõ’õu ‘to me’ ?< i’iō ‘to’ (Kähler p. 93) + ’ua, then ’ika ‘we’, this form makes no sense; it seems that Walland misinterpreted ika ‘we’ as ‘I’ judging from the phrases at the end of the list",LL: Kähler p. 278 ’ua ‘I’ < PAN *aku (Edwards 2015:97-98),OE o > ME ė ; OE V# > ME Ø ; OE V# > ME Ø,"ME: ĩė ’ ‘me’, ik ‘we’, u ‘I’",,
42,Gij,you,oh,ė’,,,6,,,OE o > ME ė,ME: ė’ ‘you’,"Kähler p. 223 ’o’o ‘you’ < PAN *kaSu (Edwards 2015:94-97, Kähler 1987:223)",
43,Mij,me,ikah,(ik),,,6,,,OE V# > ME Ø,ME: ik ‘we’,,"perhaps misspelling of wij ‘we’, cf. Kähler p. 94 ’ika(’a) ‘we incl.’ < PAN *k-ita (Edwards 2015:94-97); ; it seems that Walland misinterpreted ika ‘we’ as ‘I’ judging from the phrases at the end of the list"
44,Een (lidwoord),an (article),è,e-,,,6,,,,"ME: not only used for singular, not always used on nominals (cf. grammar by Charlotte Hemmings?)","Kähler p. 50 e- ‘singular article’, etymology unclear",
45,Springen,jump,kio-ah,—,efoeah,(pu),6,"HL: unclear, Kähler kəkənãnã ‘jump’ (only in index?) ","LL: Kähler p. 260 kipua ‘flee, walk away, walk’ / eapuaẽupua ‘departure, escape, walking’",OE f > ME p,"ME: toba ‘jump’ (?< IN: lompat ‘jump’), pu ‘run’",,
46,Eten,eat,menoh,-muno,pakehnonno,pakino no,7,"HL: Kähler p. 206 kamũnō ‘he’s eating’ (< nõ ‘eat’), etymology unclear but cf. PMP *ñepñep ‘drink, slurp, suck’ (> Makassar ño’ño’, Bimanese nono)",LL: Kähler p. 147+206 pakinō nō ‘allow to eat’ (IN: ‘izinkan makan’),,"ME: ?muno ‘I eat’, pakino no ‘allow me to eat’",,
47,Droomen,dream,à-nihai,nihia,,,7,,,,ME: ka’nihia ‘to dream’ (yanihia’ ‘my dream’),"Kähler p. 204 e’anĩxā ‘dream (n.)’, ka’anĩxā ‘dream (v.intr.)’, ka’anĩxaĩ ‘dream (v.tr.)’, etymology unclear, ME not recognized by Engga but by Milson",
48,Kruipen,crawl,o-oboh,—,,,7,,,,"ME: ko’ob crawl’, kahor’ani ‘creep’","Kähler p. 224 ki(’o)’obo ‘crawl on all fours’, etymology unclear ",
49,Zingen,sing,khorah,kohor,kala-lehah,kare,7,"HL: Kähler p. 81 hohora ‘sing’ (?< PWMP *ñañuy, but quite irr., rather reduplication of hora)",LL: Kähler p. 118 ekaleaẽkadea ‘largest (singing) festival on Enggano),OE V# > ME Ø ; OE l/r > ME r ; OE V# > ME Ø,"ME: kohor ‘sing’, kare ‘singing festival’",,
50,Slaan,hit,bai-djihie,(paic),patta haleh,kahre,7,"HL: Kähler p. 90 ici ‘hit’, epáiciẽpéici ‘house knife’, etymology unclear","LL: Kähler p. 235 pakahadē~pakahalē ‘kill, extinguish’, etymology unclear, verb form *pa-kahre does not exist in ME ",OE V# > ME Ø,ME: paic ‘machete’,,
51,Krabben,scratch,phio-noh,(hion),kanihonie,kahnion,7,"HL: Kähler p. 79 kipahĩõnĩ ‘scratch each other’ (< hĩõ-nĩ ‘scratch’), circumfix pa...o unclear, maybe -(C)o suffix? ","LL: form unclear, also from hĩõnĩ with ka-ni- prefix? ",,"ME: hion ‘scratch’, kahnion ‘scratch’ (antipassive form)",,
52,Knijpen,pinch,pie-ie,(pĩh),fabieah,pabia,8,"HL: meaning ‘squeeze’, Kähler p. 249 pĩxĩ ‘squeeze (out)’, etymology unclear, but could be related to PWMP *pizet ‘squeeze’ if Walland’s hyphen indicates a glottal stop, expecting Enggano *pi’ik.","LL: meaning ‘massage (v.)’, Kähler only has piodi (p. 253) for ‘massage (v.), caress’",,"ME: pĩh ‘squeeze’, kum ‘pinch’, apin ‘pinch’ [check meaning of pabia]",,
53,Wrijven,rub,paka-kahah,pakakah,khi-ioh,hion,8,"HL: Kähler only has kaha’ôpô ‘grate, scrape (v.tr.)’ (p. 227) ","LL: Kähler p. 79 hĩô-nĩ ‘scratch (v.tr.)’, etymology unclear ",,"ME: pakakah ‘grind’, kahne ‘wipe’, kahnion/kihion ‘scratch’, kah’ĩa’ ‘grate’, ĩ’ĩ ‘grate’ (yĩ’ĩ ‘grater’)",,
54,Duwen,push (softly),kebadah,—,nja-hai,—,8,HL: unclear,"LL: unclear, but Kähler has hãnã́hã͜i ‘herd/drive sth. back and forth’ (p. 67), panahai ‘to shake’ (v.t.), other words in Kähler are ki’ônĩ ‘push, press’ (p.148), pĩxĩ ‘squeeze (out)’ (p. 249) and epahomôũa’a ‘the pressing’ (< môũ ‘give birth’) (p.194) ",,ME: ku’ia’ ‘push’ (cf. Kähler p. 180 ku’i ‘push away’),,
55,Stooten,push (heavily),ha-èh,—,,,8,,,,,,"unclear, not recognized by Engga or Milson, Kähler p. 50 ʔē & Helfrich 1916 è ‘push away’"
56,Ziek,sick,a-do-hoh,arėh,kapiekah,(kapuh),8,"HL: Kähler p. 46 edohoẽ(’)adoho ‘fever, malaria’, etymology unclear","LL: unclear if this is the same word, but Kähler has kapuho ‘sick’ (p. 264), from which ME kapuh derives (< apuh), etymology unclear",OE d > ME r ; OE o > ME ė,"ME: arėh ‘have fever’, kapuh ‘sick’",,
57,Dood,dead,ba-ah,ba’a,koeda-diah,(yakuru),8,"HL: Kähler p. 17 ba’ao (< bu- + ’ao) ‘die, be dead’, etymology unclear","LL: Kähler p. 186 eakurua (< kuru) ‘place of death’, unclear if this is the same word",OE V# > ME Ø,"ME: bu- + a’a ; ME: ba’a ‘dead’, yakuru ‘funeral home’",,
58,Gewond,hurt/ wounded,di-hoehoh,dihiñk,,,9,,,,"ME: dihiñk (passive of hiñk) ‘cut (in skin)’, kitok ‘wounded’ (Kähler p. 101 ka’itoka ‘be wounded’",,passive of Kähler p. 87 huka ‘cut apart’
59,Blind,blind,ka-pohpoh,kapė pė,kakénèh-bakka,ka’ken bak,9,"HL: meaning ‘dark’, Kähler p. 258 kapõpō ‘become night/dark’","LL: meaning ‘blind eye’, Kähler p. 132 ka’akënë ebaka ‘blind’ (literally’ ‘scabbed eye’)",OE o > ME ė ; OE V# > ME Ø,ME: kapė pė ‘dark’ [check again if ka’ken bak ‘blind eye’ is the correct form],,
60,Eeenoogig,one-eyed,ka-kénèh,(ka’ken),,,9,,,OE V# > ME Ø,ME: [check again if ka’ken ‘blind’ is the correct form],,"short form of word above, Kähler p. 132 ka’akënë ‘blind’"
61,Loopen,run,keba-hèdie,(kabuher),hèdie-hèdie,heri,9,"HL: Kähler p. 72 kabahedi ‘be walking (along the beach)’ (kaba- progressive suffix?),","LL: reduplication of ki kñkñ hedi ‘walk (along the beach)’ ME: kihier/kabuher ‘walk along the beach’ (ėg. ki kah baher heri yok ‘go walk along the beach’), heri yok ‘shore’ (recognized by Milson, not by Engga), reduplicated form is kikieher, but the Kähler form would be *kihehedi. This example shows that the elicitation might have taken close to the beach where someone performed a walk/run along the shorė",,,,
62,Vragen,ask,hoewarie,—,kha-nioh,—,9,HL: unclear,LL: unclear,,ME: ?ñdih ‘ask for’ / nunuh ‘ask’ (intr.v.),"Kähler only has kipakokoi ‘let go, ask, convey’ (p. 162) and nũnũhũĩ ‘ask’ (p. 210)",
63,Koorts,fever,ke-poearah,(kapur),adoh,arėh,9,"HL: Kähler p. 261 kapuda ‘boil (tr.v.)’ (< puda), etymology unclear","LL: Kähler p. 46 edohoë(’)adoho ‘fever, malaria’, etymology unclear; no final vowel in Walland but in Kähler (cf. ‘sick’)!",OE V# > ME Ø ; OE d > ME r ; OE o > ME ė,"ME: kapur ‘boil’ (tr.v.), arėh ‘have fever’",,
64,Broeder,brother,pa-djoheh,—,,,10,,,,,,"unclear, perhaps a name of someone’s brother? not recognized by Engga and Milson"
65,Hoofd,head,oeloe,yur,,,10,,,OE l/d/r > ME r ; OE #V > ME iV,ME: yur ‘head’,Kähler p. 281 e(’)uduëuru ‘head (hair)’ < PAN *quluh ‘head’,
66,Neus,nose,fanoh,pan,,,10,,,,ME: pan ‘nose’,"Kähler p. 238 epãnũ ‘nose’, etymology unclear",
67,Oog,eye,bah-kah,bak,,,10,,,,ME: bak ‘eye’,"Kähler p. 25 ebaka ‘eye, face’ < PAN *maCa ‘eye’ ",
68,Oor,ear,kalila,karih,téi-koeh,—,10,HL: Kähler p. 109 ekadixaëkarixa ‘ear(lobe)’ < PAN *Caliŋa ‘ear’,LL: Kähler p. 131 ekekū ekarixa ‘bone behind ear (mastoid)’ pre-Kähler t > Kähler k (or assimilation?),OE l/d/r > ME r,"ME: karih ‘ear’, Engga and Milson do not recognize the LL word but recall an expression karih teko ‘disobedient’ and think that this comes from teko ‘teapot’, although this may in fact be related to /teku~keku/ ‘mastoid, bone behind ear’",,
69,Kin,chin,khie,ki,,,10,,,,ME: ki ‘knee’,"Kähler p. 144 ekĩ’ĩ ‘knee’, etymology unclear",
70,Wang,cheek,papah,pap,,,10,,,,ME: pap ‘cheek’,"Kähler p. 238 epapa ‘cheek’ < PMP *baqbaq~beqbeq ‘mouth’; according to Erik Zobel, this word is rather related to PCEMP *papaR 'cheek', which has the reflex pape in Ulumanda’ ",
71,Haar (hoofd),hair (head),poeroe-oeloe,puru yur,,,10,,,OE r/d > ME r ; OE l/d/r > ME r,ME: puru yur ‘head hair’,"Kähler p. 263/267 epuruëpudu ‘pubic hair’ < PMP *bulu ‘body hair, fur’ + Kähler p. 281 e(’)uduëuru ‘head (hair)’ < PAN *quluh ‘head’",final vocal in puru not lost!
72,Knevels,mustache,poeroe-diepoh,—,,,10,,,OE l/d/r > ME r,"ME: por(d)oip ‘beard’, recognized by Milson, not by Engga","Kähler p. 302 porod(o)ipo ‘Bart’, most likely < purudui ‘hair’ (< PMP *bulu ‘body hair, fur’ + ?*duRi ‘thorn’, cf. Edwards 2015:94-97, or ?*dilaq ‘tongue’) + *po (unclear)",
73,Mond,mouth,okoe-diepoh,(kudip),,,11,,,,,,"eukudipoẽukuripo ‘lips’ (Kähler p. 285), etymology unclear, and ehōka’a (< p. 80 ehō uka’a ‘the inside of the mouth = oral cavity’); */dipo/ looks like the second part in ‘mustache’ ME kudipo’ ‘my lips’ (< kudip ‘lips’), ka’ (Kähler eka’a ‘tooth, mouth, snout, beak, tip, rim’, p. 103),"
74,Tanden,teeth,kah,ka’,,,11,,,,ME: ka’ ‘mouth’,"Kähler p. 103 eka’a ‘tooth, mouth, snout, beak, tip, rim’, etymology unclear",
75,Tong,tongue,lio,di,,,11,,,OE l/d > ME d,ME: di ‘tongue’,Kähler p. 43 edio ‘tongue’ ?< PAN *dilaq ‘tongue’ (Nothofer 1986:102 and Edwards 2015:78 do not see this etymology justified),
76,Hals,neck,panoh,(hanu’),,,11,,,,ME: hanu’ ‘throat’,"Kähler p. 67 ehãnṹ’ita ‘throat’, but ‘neck, stem, stalk’ is eit’it (p. 289), etymology unclear ",pre-Kähler p > Kähler h > ME h?
77,Schouders,shoulders,apoe-éh,—,,,11,,,,"ME: iam’iam (cf. Kähler p. 13 e’ami’ami), recognized by Milson and Engga, but the other word for ‘shoulder’ is not","Kähler p. 20 eapṹ’iti ‘shoulder bone’ (?< epit’it ‘joint, bone’) ",
78,Elleboog,elbow,poe-apoh,pu’ ’iap,,,11,,,,ME: pu’ ’iap ‘elbow’,,"literally ‘knee of hand’, Kähler p. 268 epit’it u’apo ‘elbow, float ball on boat outrigger’, for etymology of pit’it cf. ‘knee’, for etymology of ’apo cf. ‘veins’"
79,Aderen,veins,a-poh,(’iap),,,11,,,OE #V > ME iV,ME: ’iap ‘hand’,"Kähler p. 19 ’apo ‘hand, outrigger’ < *kapət ‘hold onto, cling to’ (Edwards 2015:94-97); the word for ‘hawser, vein, tendon’ is oko (Kähler p. 219, ME iok, OE #V > ME iV)",
80,Vingers,fingers,minoe-apoh,min ’iap,,,11,,,,ME: min ’iap ‘finger’,"Kähler p. 192 emina u’apo ‘finger’, etymology of mina unclear; Walland’s form seems like min u’apo without the final vowel in mina",
81,Teenen,toes,minoe-ah,min ya,,,11,,,,ME: min ya ‘toe’,"Kähler p. 192 emina uae ‘toe’, etymology of mina unclear; Walland’s form seems like min u’a without the final vowel in mina",
82,Borst,breast/chest,amah,omah,,,12,,,,"ME: omah ‘chest’, not recognized by Engga, but by Milson","Kähler p. 12 eamahaëãmãhã ‘male chest’, etymology unclear ",
83,Rug,back,kha-poh,—,,,12,,,,"ME: kũk (cf. Kähler p. 181 ekũka ‘back(bone)’, the other word is not recognized by Engga",Kähler p. 114 ekahupou ‘back’ (< p. 112 ekahau ‘backside’ + p. 259 pou ‘backside’),
84,Buik,belly,kidai,kita,,,12,,,,ME: kita ‘belly’,Kähler p. 151 ekitai ‘belly’,
85,Dijen,thighs,phallah,yapara,,,12,,,,ME: yapara ‘thigh’,"Kähler p. 239 eaparã ‘thigh’ (PAN *paqa, Sangir palaŋ, Talaut palaŋa, Malay paha), perhaps eae ‘foot, leg’ + *parã ‘thigh’ ",
86,Beenen,legs,ah,ya,,,12,,,,"ME: ya ‘leg, foot’","Kähler p. 6 eae ‘foot, leg’",
87,Knie,knee,poh,pu’,,,12,,,,ME: pu’ ‘knee’,"Kähler p. 268 epũ’ũ ‘node, joint’, but epũ’ũ uae ‘knee’ < PMP *buku(h) ‘node, joint, knot in wood’ (Edwards 2015:94-97, Kähler 1987: 268)",
88,Voet,foot,ah,ya,,,12,,,,"ME: ya ‘leg, foot’","Kähler p. 6 eae ‘foot, leg’",
89,Beenderen,bones,ahoe,e’ea,,,12,,,,ME: e’ea ‘bone’,Kähler p. 1 e’aa ‘bone’,
90,Bloed,blood,kiakie,kiak,,,12,,,,ME: kiak ‘blood’,Kähler p. 140 ekiaki ‘blood’,
91,Lippen,lips,koe-liepoh,kudip,,,12,,,,ME: kudip ‘lips’ [what is yakorib in ME?],Kähler p. 285 eukudipoëukurip ‘lip’ (cf. mouth’ above) ,
92,Huid,skin,noelie,—,,,12,,,,,,"unclear, Kähler has ’uk/~’ud/ (p. 281), unexplained prefix n-ME iuk ‘skin’"
93,Oud,old,napoea-kah,(napuak),,,12,,,,ME: napuak ‘our ancestors’,"Kähler p. 197 ena’apũaka’a, literally ‘our ancestors’ ",
94,Jong,young,kahpah,(kapa),,,12,,,,ME: kapa ‘children’ (pl. of pa),Kähler p. 233 kapae ‘children’ no final vowel in Walland but in Kähler!,
95,Zitten,sit,hékoe,hëk,,,12,,,,ME: hëk ‘sit’,Kähler p. 73 hëkũ ‘sit’,
96,Staan,stand,mahénoe,—,,,13,,,,"ME: abe’ ‘stand up’, ahar ‘wake up, conscious’, the other word not recognized by Milson and Engga",Kähler p. 57 kama’ã͜enũ (< ’ënũ) ‘stand up’,
97,Opstaan (van slapen),stand up (from sleeping),khadok,kahar,,,13,,,,ME: ahar ‘stand up’,Kähler p. 64 kahado ‘get up’,
98,Opstaan (van zitten),stand up (from sitting),khadoh hekoeh,kahar kur hëkũ,,,13,,,,ME: abe’ kur hekuam ‘get up from sitting’,Kähler p. 64 *kahado kude hëkũ ‘get up from sitting’ ,
99,Kaauwen,chew,mamah,mama,,,13,,,,ME: mama ‘chew’,Kähler p. 13 e(pa)amai ‘mastication’,
100,Weenen,weep,weloh,ker,,,13,,,,"ME: ker ‘cry, weep’",Kähler p. 51 edo ‘cry’,
101,Lagchen,laugh,oh-oh,—,,,13,,,,"ME: kñ’kah, the other word is not recognized by Engga and Milson","Kähler p. 226 ’o’ó’õ͜i ‘laugh, laughter’",
102,Schreeuwen,"shout,scream",oh-woh,’ua’,,,13,,,,ME: ?ũë~’ua’ ‘shout’,"Kähler p. 224 ’o’óa’ai ‘shout, speak out loud’ or p. 283 uē ‘shout’?",
103,Roepen,call,pa-harie,bahar,,,13,,,,ME: bahar ‘call’,Kähler p. 64 bahadi ‘be calling’ (< ba- ‘progressive’ + hadi ‘call’),
104,Kooken,cook,pa-boeah,pahbñh,,,13,,,,ME: pahbñh (or babñh?) ‘cook’,Kähler p. 27 epahabəha ‘act of cooking’ or bahəha ‘be cooking’?,
105,Verkoopen,sell,pekèlie,kñdia’,,,13,,,,ME: kñdia’ ‘sell’,"Kähler p. 215 kodía’a ‘sell’, prefix ba-/pa- unexplained ",
106,Koopen,buy,kapa-beoh,(kapabehoa’),,,13,,,,"ME: kapabehoa’ ‘accused of stealing’ (with pa...a’ < beh ‘steal’), kahėr ‘buy’ (Kähler p. 215 k(i)odi ‘buy’)",,"unclear, but this resembles ‘steal’ (cf. below)"
107,Stelen,steal,pah-beoh,babeh,,,13,,,,"ME: kabeh ‘steal’ / kababeh ‘bu-form’, pabehoa’ ‘accused of stealing’ (pa-a’), cf. ‘buy’",Kähler p. 27 babeho ‘be stealing’,
108,Moorden,murder,poh-beah,—,,,13,,,,"ME: pahbė ‘hit’ [Kähler form?), (pa)kahre ‘kill’ (cf. Kähler: pakahade)",,unclear
109,Dragen,carry,koleh,kor,,,14,,,,ME: kor ‘carry on shoulder or in hands’,Kähler p. 157/164 kode~kore~kole ‘carry on shoulder’ ,
110,Vastbinden,tie up,pamieh,(kah)’u̇ a’,,,14,,,,"ME: kah’u̇ a ‘tie’, *pam’u̇ a’ does not exist","Kähler p. 59 bu’ə̃́a’a ‘tie’ (<’ə̃́a’a), initial pam- unclear ",
111,Geven,give,pléh,pe,,,14,,,,ME: pe ‘give’,"Kähler p. 242 pē ‘give’, the -l- is unexplained",
112,Losmaken,undo,améah,kėmia’?,,,14,,,,"ME: kėmia’ ‘set free’, kė ‘open’",,"unclear, but Kähler has kõmõĩ ‘escape’, kikõmõĩa’a ‘set free’ "
113,Zoeken,look for,no-noi,inėn,,,14,,,,ME: inėn ‘look for’,Kähler p. 209 nũnũ ‘look for’,
114,Vinden,find,béo-boh,(ba’oboh),,,14,,,,"ME: ba’oboh (< a’ob) ‘get hit’ (IN: ‘nanti kamu kena’, adversative passive, [Kähler form?], pakõha’ ‘find’",,"unclear, Kähler only has kõ’õhõá’a (p. 167)"
115,Spreken,speak,hidjie,(yic),,,14,,,,"ME: kaici ‘speak’, yic ‘voice’","Kähler p. 90 (e)iciẽiji ‘voice, word, sound, tone, conversation, message, issue’",
116,Maken,make,papa rèie,parpari’,,,14,,,,ME: parpari’ ‘make’,"Kähler p. 232 padí’o ‘produce, make, work on, prepare’, maybe reduplicated form",
117,Roeijen,row,vha-hodjie,ba’ic?,,,14,,,,"ME: u̇ ic ‘to paddle/row’, yu̇’u̇ ic ‘oar’ kaba’ic ‘dependent form’, kau̇’ic, ėg. adu̇ r ean kabah’u̇ ic ‘after that we are rowing’, ah’u̇ i ‘rowing’",Kähler p. 218 ’õ͜ici ‘row’ (is the form ba’õ͜ici attested?),
118,Trouwen,marry,paharadoe,—,,,14,,,,"ME: pahu̇ n ‘have a wife’, ba’dar ‘have a husband’, kawer ‘marry’, ėg. Susi kibuh ba’dar Engga (have as husband), Engga kibuh ma’hu̇ n Susi (have as wife) [Does this example show that Walland interviewed a woman?]",Kähler p. 35 ba’adadu~ba’aradu ‘marry a man’ (< dadu ‘husband’),
119,Bevallen,to please,poh-poh-reh-parah,—,,,14,,,,,,"unclear, not recognized by Milson and Engga"
120,Praten,talk,penah nahoe,panana,,,14,,,,ME: panana (red. of pana ‘speak’),Kähler p. 237 (ki)pananaũ ‘keep talking’ (reduplicated form of panaũ ‘talk’),
121,Ruiken,smell,menoeh,minu’,,,14,,,,ME: minu’ ‘smell’,"Kähler p. 192 mĩnũ’ũĩ ‘smell, sniff at’ no final vowel in Walland but in Kähler!",
122,Loopen,run,kah,(kah),,,15,,,,ME: kah ‘go’,Kähler p. 1 kā ‘go away’,
123,Zeilen,sail,ke-poeakah,(kipuak),,,15,,,,"ME: kipuak ‘I will leave, I will go’","Kähler p. 261 kipu(’)aka ‘leave, depart, go on travels’ ",
124,Uitwerpen (anker),throw out (anchor),menapa-pahoea oebah,—,,,15,,,,ME: ka(h)’ñbña’~kah’ėbña’ ‘use’,,"unclear, but Kähler p. 214 ki’obua’a ‘use, throw sth., do sth. with sth.’"
125,Brandhout,firewood,kekoeoh djowbie,ku yėb,,,15,,,,"ME: ku pahbñh ‘firewood for cooking’, ku yėb ‘wood to make fire’ (rarely used acc. to Milson, Engga doesn’t recognize this, this form would be *ekuoẽkue u’obi in Kähler, but not attested on pp. 175 or 186","Kähler p. 82 ehoku u’obi ‘firewood’, composed of hoku ‘tree stump’ (p. 82) and obi ‘fire’ (p. 213), but initial ke- and dj-, but maybe the first part is a misspelling of hoku?",
126,Visch,fish,aijoh,’iai,,,15,,,,ME: ’iai ‘fish’,Kähler p. 10 e’ã͜íyo ‘fish’ (PAN < *kawil-ən ‘fishhook’) ,
127,Vreemdeling,foreigner,fakka mehonoh,—,,,15,,,,ME: only has ko’mai ‘foreigner’,"Kähler p. 193 ekaka kude mõhõ ‘person from outside’, but leaves final -no unexplained","misspelling of taka ‘human’, cf. ‘person’"
128,Rottan,rattan,kiehie,kĩhĩ,,,15,,,,,"Kähler p. 143 ekĩhī ‘thin k.o. rattan’, apparently Calamus insignis Griff.",
129,Rottan Touw,"rope, ratten",kho-ia,kô’ĩa,,,15,,,,,"Kähler p. 161 ekô’ĩaô ‘k.o. tree’, Kähler translates this as baguk, but it’s actually melinjo, apparently Gnetum gnemon L.",
130,Grof rottan,"rope,coarse",kho-ia-ma-akoe,kô’ĩa + ?,kekerahah,—,15,"HL: first part from Kähler p. 161 ekô’ĩaô (cf. above at ‘rope, rattan’), second part unclear","LL: unclear, not recognized Engga and Milson for ME",,ME: (kadi) kô’ĩa ‘melinjo (rope)’,,
131,Brits (balie balie),plank bed (balé-balé),kho-inoh,—,,,15,,,,,,"unclear, not recognized by Engga and Milson"
132,Mat,mat,oehouw-oenie manu,—,,,15,,,,"ME: uehe ‘bed, place to sleep, mat’",,"unclear, Kähler has eanũa ‘sleeping mat’ (p. 16) and e’uehea ‘place to sleep, bed, mat plaited from leaves’ (p. 283), the second recognized by Milson but not by Engga"
133,Mandje (bord),basket,o-nèkeh,onekũnek,,,15,,,,ME: onekũnek ‘basket’ (both variants exist),Kähler p. 287 e’ũnẽkẽ ‘basket to store food’,
134,Klappers,coconut,epoh (fi-èloh),(po pi ...),kaloekoe (Boegineesch),—,16,,"LL: Buginese kaluku (listed in the Buginese dictionary 1883, p. 27, by the Mission Press, and in Said 1977:95), Milson doesn’t recognize this",,ME: po pi ... ‘coconut garden’,"Kähler p. 254 epō ‘coconut (palm)’ (< PAN *puqun ‘base of tree’), the second part in parentheses is unclear, maybe a compound with pia ‘garden’ (p. 248)?",
135,Olie,oil,fiopoh,(mia’ po),,,16,,,,ME: mia’ po ‘coconut oil’,,"unclear, not recognized by Engga and Milson, but maybe a compound of ‘coconut + oil’, Milson says that in the olden days people used coconut oil to make fire"
136,Eijeren,eggs,haoah ko-eikoh,—,,,16,,,,ME: teror (< Malay telor ‘egg’),,"literally ‘child of fowl’, probably with a typo of o instead of r (cf. ‘child’), Kähler has eara uki’adobu (p. 20), cf. ‘rooster’ for the second part, ME doesn’t use this compound anymore "
137,Rijst,rice,heroh-kioh,arkih,,,16,,,,ME: arkih ‘rice’,,"literally ‘child of ant’, cf Kähler eara ukíxo ‘husked rice (IN: beras)’"
138,Hoofdbedekk ing,headgear,kali-kokoh-oeloé,kadi yur / toko’,,,16,,,,"ME: kadi yur ‘traditional headgear’ (< IN: tali ‘rope’), toko’ yur ‘hat’ and yõkõ’ (yur) ‘traditional headscarf’, not found in Kähler except for kadī~kadiō ‘rope’ (p. 108/109) kokoh might refer to the nipa palm?",,
139,Kleeding in het algemeen,clothing in general,do-boe-oe,dobu’,,,16,,,,ME: dobu’ ‘my goods’ (< dobu),"Kähler p. 44 edobuẽlobu ‘matter, thing, goods, possession, gift, jewelry’ with possessive suffix -’u ‘my’",
140,Kleeding van het bovenlijf,clothing of the upper-body,oefah,(yėpėrd?),kali-kekoh,kadi kok,16,"HL: unclear, but cf. Kähler p. 228 eopõ͜uda ‘clothing material, cloth’, maybe a misspelling of oedah or oetah with clipping of first syllable","LL: unclear, but maybe a compound of ‘rope + breast’ as there is no tradition of clothing on Enggano, cf. Kähler kadī~kadiō ‘rope’ + ekoko ‘breast’",,ME: ?yėpėrd ‘cloth’ ; ME: kadi kok ‘breast rope’,,
141,Kleeding van het benedenlijf (sarong of broek),clothing of the lower-body,akah-wioh,(karwah),kali-kekoh,kadi kok,17,"HL: unclear, but cf. Kähler p. 125 ekarawae ‘trousers’ (< Malay/Minang serawal ‘trousers’)",LL: cf. above,,"ME: karwah ‘trousers’, also yñ’ña’ ‘strap’, aroro’ ‘rock’",,
142,Sprei,cover/blank et,Kho-pie,(kõp),,,17,,,,ME: kõp ‘to cover’,Kähler p. 169: kõpĩ ‘to cover’ / eõkõpĩ ‘something used to cover’,
143,Parang,machete,khobie,—,,,17,,,,,,"cf. Mandar kobe~kobi’~koβi ‘machete’, Milson and Engga don’t recognize this word"
144,Mes,knife,e-aw,e’a,pieko-pieko,—,17,HL: Kähler p. 22 ea’au ‘knife’,"LL: unclear, but maybe from piko-piko as a borrowing from Malay pisau-pisau ‘knives’",,ME: e’a ‘knife’ (cf. e’au ‘my knife’),,
145,Kladie,taro,oh-dohpoh,udėp,poekiah,—,17,HL: Kähler p. 281 e’udopo ‘taro (tuber)’,"LL: Kähler p. 257 epoke’a ‘taro’ (Colocasia esculenta or Colocasia antiquorum, cf. de Clerq 1909:207 epokejak-kejak, Heyne 1927:451 epoh kèak, references in Kähler), not recognized by Milson and Engga, instead suggested apuk ‘pull out’, cf. also Kähler p. 265 pũkã ‘grow rampant’",,"ME: udėp ‘taro’ (generic), ka’pũk ‘grow rampant’",,
146,Sabel,saber,poeroe takka,(pur kak),kikoêmak-kah,,17,HL: Kähler puru etaka ‘kill a person’,"LL: unclear, not recoganized by Milson and Engga",,ME: pur kak ‘kill a person’,,
147,Vijl,file,kah-kohleah,kakorea,,,17,,,,ME: kakorea ‘nail file’,Kähler p. 103 eka’a ukoreã͜o ‘file’ (lit.: mouth + k.o. bird’) ,
148,Bijl,"axe,cleaver",kèha,keh,behioe,bohi’,17,HL: Kähler p. 130 ekehe ‘hatchet’,"LL: Kähler p. 29 ebohe ‘spear, lance’, here perhaps ebohe’u ‘my spear’",,"ME: keh ‘axe, cleaver’ (cf. kehe’ ‘my axe’) ; ME: boh ‘spear, lance’ (cf. bohi’ ‘my spear’)",,
149,Ring,ring,kalihah-apah,karea’eap,,,17,,,,"ME: karoe’eap~karoa’eap~kara’uap ‘finger ring’, but karoa’ cannot be synchronically analysed","Kähler p. 126 ekarixai u’apo ‘finger ring’, related to ekarixa ‘ear’",
150,Oor-verciersel,earring,,,kenènèh-ka-rika,(kinenek karix),18,,"LL: unclear, but perhaps literally ‘the ear is torn’, cf. Kähler p. 202 kinẽnẽkĩ ‘tear’ 202 + p. ekarixa ‘ear’",,"ME: kinenek karix ‘the ear is torn’, but normally ka’hõp karix ‘the ear has a hole’ (cf. Kähler p. 83 ehopa uadehəa ukarixa ‘hole in the earlobe’)",,"starting from here, the original list is wrongly arranged, the HL should be placed under ‘coral’"
151,Koralen,coral,mané-mané,—,,,18,HL: from Malay manik-manik ‘beads for adornment made from corals’,,,,,
152,Koperdraad,copper wire,khalé-leah,,,,18,,,,,,"not recognized by Milson and Engga, Kähler p. 129 ekededea ‘copper’"
153,IJzer,iron,aw,,,,18,,,,,,"This is the same word as for ‘knife’, see therė"
154,Piek,pike,kha-ioh,,,,18,,,,ME: ka’ai ‘spear’ (cf. ka’yo’ ‘my spear’),"Kähler p. 105 eka’ã͜i’io ‘spear, lance, war’",
155,Schild,shield,khie-ah,,,,18,,,,,,"unclear, not recognized by Milson and Engga, perhaps a verb with another meaning, cf. Kähler p. 154 kiu ‘protect oneself, find shelter, hide’"
156,,,roh-roh,,,,18,,,,,,"It is unclear what this word is the translation for, not recognized by Milson and Engga"
157,Klapperwater,coconut juice,bé-poh,,,,18,,,,ME: be po ‘coconut water’,Kähler p. 26 ebē upō ‘coconut water’ (lit. ‘coconut sap’) ,
158,"Kist, doos","box, case",oebah-dobah,—,,,18,,,,,,"unclear, not recognized by Milson and Engga, Kähler does not have a word for ‘box’, first element looks like uba ‘house’, second element like dobu ‘thing’, i.ė ‘house-thing’?"
159,Schaar,scissors,éhèhlèh,—,,,18,,,,,,"unclear, not recognized by Milson and Engga, Kähler only has p. 252 eĩpĩnĩẽpaĩnĩ ‘scissors, pliers’"
160,Bamboe,bambu,abèhah,abeh,,,18,,,,ME: abeh ‘bamboo’,Kähler p. 3 e(’)abeha ‘bamboo’,
161,Niboeng,"palm tree, k.o.",eh-fah,’ẽp,,,18,,,,ME: ’ẽp (cf.’ẽpe’ ‘my nibung tree’),Kähler p. 58 e’ẽpõ ‘nibung tree’,
162,Bladeren (boom),leaves (tree),toeroe,pur(du)~pururu,,,18,,,,ME: pur(du)~pururu ‘leaf’,,"the t is probably a misspelling/misreading of f, cf. Kähler p. 267 epuru(dui) ‘leaf’"
163,Wortelen (boom),roots (tree),apoh,,,,18,,,,ME: ’ẽãp ‘root’,Kähler p. 19 eapũ ‘root of a plant’,
164,Spijker,nail,poh-koh,,,,18,,,,,,"unclear, maybe borrowed from Malay paku ‘nail’"
165,Distel (gereedschap),adze (tool),,,,,19,,,,,,unclear
166,Hamer,hammer,pekah-kah,epakaka,,,19,,,,ME: ?epakaka ‘hammer’,Kähler p. 116 epakaka’ã͜i ‘hammer’,
167,Hout,wood,koeoh,,,,19,,,,ME: ku,,
168,Vischnet,fishnet,khaboh,,,,19,,,,ME: kab (eai) ‘jaring ikan’,,
169,Werpnet,casting net,poeka-poeka,,,,19,,,,ME: puke ‘pukat’ (jaring),,
170,Riem,belt,hordjie,,,,19,,,,ME: kudi’,,
171,Zeil,sail,maneh-neh,,,,19,,,,,Kähler dayar,PM not recognized
172,Hals-verciersel,neck ring,khi-kah,,,,19,,,,ME: kĩk,,
173,Naald,needle,koh-ie,,,,19,,,,ME: kuh ‘jarum untuk ranjau dari nibung / spiky booby trap’,,
174,Naaijen,sew,oh-koh,,,,19,,,,"ME: not used anymore, maybe from koh-ie",,
175,Anker,anchor,pahoe,,,,19,,,,,,PM not recognized
176,Regen,rain,eboh-koelie djèbéh (water van boven),,,,19,,,,,,bė .kur tep ‘water from above’
177,Wind,wind,kie-oeh,,,,19,,,,ME: ki,,
178,Weerlicht,lightning,eloh-ahbah,,,,19,,,,ME: doap ‘lightning’,,
179,Donder,thunder,la-hoe,,,,19,,,,ME: daoh ‘thunder’,,
180,Veel,many,mohkoh,,,,19,,,,ME: mėk,,
181,Weinig,little,kehi-mamah,,,,19,,,,"ME: ba’ki ‘sedikit’, Kähler p. 397",,
182,Duur,"expensive, length",mokkoh-lie,,,,19,,,,"ME: mė’ ka’ėr ‘yang mahal’ / mėk yėr ‘a lot of prices’ (not used in ME, but in Kähler 382 mõkõ eodi",,
183,Zwaarlijvig,fat,mokko-kera-aha,,,,19,,,,ME: *mėk karah ‘lit.: banyak badan’ (harusnya amuh karah ‘besar badan) ,,now used kã’ãũ ‘fat’
184,Mager,lean,kanie-kanie-kera-aha,,,,19,,,,,,*nu’ik / nu’ karah ‘little body’
185,Hard,hard,makoekoh,,,,19,,,,ME: not recognized? ; ME: ka’ok ‘keras’,,
186,Zacht,soft,kalileh,,,,19,,,,ME: karer ‘soft’,,
187,Mooi,beautiful,khi-ho-ie,,,,19,,,,ME: ka’u ‘beautiful’,,
188,Leelijk,ugly,mahenah,,,,19,,,,ME: kibob ‘buruk’,,
189,Zeer leelijk,"ugly, very",mokkoh-mahenah,,,,20,,,,,,not recognized by PM
190,Rond,round,kenahie-niah,,,,20,,,,,,kabubu/kadidih ‘bulat’ ; PM doesn’t recognize
191,Vierkant,square,ke-di apoh,,,,20,,,,,,< segi aop ‘four corners’ or kadidi aop ‘four round’
192,Hoog,high,ènoh,,,,20,,,,"ME: a’inu’ (panjang), but a’ikin ‘tinggi’ now used in ME",,
193,Lang,long,koe-oh,,,,20,,,,ME: ka’kuė’ ‘too short / tanggung’ (in comparison),,
194,Goed,good,kha-oewah,,,,20,,,,ME: ka’o ‘baik’ / ka’owar ‘sembuh’,,
195,Slecht,bad,kio-haie,,,,20,,,,ME: ke’ya’u ‘tidak bagus’,,
196,Zuur,sour,hia-mèh,,,,20,,,,"ME: kihiam ‘pedas, gatal’",,
197,Bitter,bitter,kioha-mèh,,,,20,,,,ME: has kadėhai ‘bitter’,,
198,Zout,salt(y),piemonie,,,,20,,,,ME: ‘not sweet?’ (kiep...) / ke’ ya’mün ‘sweet’,,
199,Spoedig,soon,ma-aboe,,,,20,,,,ME: not recognized by PM,,
200,Hoeveel,how many?,api-ka,,,,20,,,,ME: apiah?,,
201,Alles,everything,khidrah,,,,20,,,,ME: kiarda ‘all’,,
202,Hoelang geleden,how long ago?,apêha-no-oi,,,,20,,,,ME: apiah yabėrėb yi i’ĩe’?,,
203,Lang,long,ènoh,,,,20,,,,ME: hobuėr ‘sudah lama’,,
204,Breed,wide,poh-horah,,,,20,,,,ME: a’ipoh,,
205,Groot,big,kakoekah,,,,20,,,,ME: amuh ‘big’,,
206,Klein,small,koh niekieh,,noe-ie-kie,,20,,,,ME: nu’ik ‘kecil’ / kapah kah nu’ik ‘little children’,,
207,Dapper,brave,é-boek,,,,20,,,,,,?
208,Een,one,kaihie,,,,20,,,,ME: kahai’,,
209,Twee,two,adoeah,,,,20,,,,ME: aru,,
210,Drie,three,akoh-loe,,,,20,,,,ME: akėr,,
211,Vier,four,oepah,,,,20,,,,ME: aob,,
212,Vijf,five,aliebah,,,,20,,,,ME: arib,,
213,Zes,six,kai-kinah,,,,20,,,,ME: akiakin,,
214,Zeven,seven,aliebah-adoea,,,,20,,,,ME: arib he aru,,
215,Acht,eight,opah ijoepah,,,,20,,,,ME: kipa’iop / apa’iop,,
216,Negen,nine,aliebah ijoepah,,,,20,,,,ME: kaba kahai’,,
217,Tien,ten,kapoeloe,,,,20,,,,ME: kipä’äũ’,,
218,Elf,eleven,kapoeloe kaihie,,,,20,,,,ME: kipä’äũ’ i kaha’i,,
219,Twaalf,twelve,kapoeloe adoeah,,,,21,,,,,,
220,Dertien,thirteen,kapoeloe akoh-loe,,,,21,,,,,,
221,Veertien,fouteen,kapoeloe oepah,,,,21,,,,,,
222,Vijftien,fifteen,kapoeloe aliebah,,,,21,,,,,,
223,Zestien,sixteen,kapoeloe kai-kinah,,,,21,,,,,,
224,Zeventien,seventeen,kapoeloe aliebah-adoea,,,,21,,,,,,
225,Achttien,eighteen,kapoeloe opah ijoepah,,,,21,,,,,,
226,Negentien,nineteen,kapoeloe aliebah ijoepah,,,,21,,,,,,
227,Twintig,twenty,kaihie takkah,,,,21,,,,ME: kahai’ kak,,
228,Dertig,thirty,kaihie takkah kapoeloeh,,,,21,,,,ME: kahai’ kak kipã’ãũ’,,
229,Veertig,forty,adoeah takkah,,,,21,,,,ME: aru kak,,
230,Vijftig,fifty,adoeah takkah kaihie poeloeh,,,,21,,,,ME: aru kak kipã’ãũ’,,
231,Zestig,sixty,akohloe takkah,,,,21,,,,ME: akėr kak ; ME: akėr kak kipã’ãũ’ ; ME: aob kak,,
232,Honderd,hundred,halibah-takkah,,,,21,,,,ME: arib kak / kahai’ ratuh,,
233,Duizend,thousand,kapoeloe takkah,,,,21,,,,ME: kaha’i dibu,,
234,Hoe is uw naam?,What’s your name?,ha-nia-moe?,Ha niem?,,,21,,,,,"Kähler: Haĩ nĩə mũ?, literally ‘who is your name?’",
235,Van waar komt gij?,Where do you come from?,koeloe-ia-oh,Kur i’iah ė'?,,,21,,,,,"Kähler: Kude i’íaha ’o’o?, literally ‘From where are you?’",
236,Kom hier,come here!,adeh-waij dje-éh,Are ite!; Awa ite!,,,21,,,,,"Kähler: Are’e ... ite’e!, literally ‘Come hither here’; the construction is unclear",
237,Blijf daar,stay there!,kaiama djidjah (ohbea djidjidah),Kah ... idit!,,,22,,,,,"Kähler: Kā ... itíta!, literally ‘Go there!’; the word iama is unclear, but there is also amā ‘go away!’",ėbi/obi idit ‘you be there’
238,Gaat spoedig,go soon!,ma-akoe kehedie,—,,,22,,,,,"Kähler: ... kixedi! (< hedi ‘walk along the beach’), [1st word unclear]",
239,Verwijder u!,move!,kahi-ah,Kahai i’iah? / (ė) ka’ai,,,22,,,,ME: Kahai i’iah? ‘Where are you going?’ / ė ka’ai ‘you go out’,"Kähler: Kahá̃͜e eíaha!, literally ‘Go the place’ [2nd word not sure] ",
240,Ik heb honger,I’m hungry,oewah hiko,U kõ.,,,22,,,,ME: U kõ. ‘I am hungry.’,"Kähler: ’Ua ekō, literally ‘I hunger’, prefix h- unclear ",
241,Ik wil eten,I want to eat,ika manoh,Ik kah mano.,,,22,,,,ME: Ik kah mano. ‘We go to eat’,"Kähler: ’Ika’a mãnō , literally ‘we are eating’, [attested?] ",
242,Ik wil slapen,I want to sleep,ika bahoea,Ik kah ba’ueh.,,,22,,,,ME: Ik kah ba’ueh. ‘We go to sleep’,"Kähler: ’Ika’a ba’úehe, literally ‘we are sleeping’, [attested?] ",
243,Ik wil mij baden,I want to have a bath,ika baikeh,Ik kah babek.,,,22,,,,ME: Ik kah babek. ‘we go and take a bath’,"Kähler: ’Ika’a baeke, literally ‘we are bathing’ [check if attested] ",
244,Het is warm,it’s hot,mokhoh kehah,—,,,22,,,,,,"This expression is not used in ME and not attested in Kähler, but it seems like a compound of moko (ME: mėk) ‘a lot’ and kaha’o (ME: kaha’) ‘day, weather, sun’ = a lot of sun?"
245,Het is koud,it’s cold,mokhoh hioh,—,,,22,,,,,,"This expression is not used in ME and not attested in Kähler, but it seems like a compound of moko (ME: mėk) ‘a lot’ and e’ə ̃́ hə ã (ME: ĩu̇ h) ‘coldness’ = a lot of coldness?"
246,Geef mij pisang,give me a banana,ano-kiaij-ajoh,—,,,22,,,,,,"unclear, but cf. Kähler p. 198 enãkõ ‘ripe (banana)’ + p. 9 kai’ia’ã͜əa ‘will bring down’, so maybe enãkõ kai’ia’ã͜əa means something like ‘bring down a ripe banana’?"
247,Gaat daar zitten,sit down there,hèhoe djidjah,Hẽk (i)dit!,,,22,,,,,"Kähler: Hẽku itíta!, literally ‘sit there!’",
248,Zijt niet bang,don’t be scared,iada niekie niekie,—,,,22,,,,ME: yar yããh ‘jangan takut’,Kähler: Yara’a~yada’a (ka)nĩkĩnĩkĩ! ‘Don’t shake/tremble!’ ,
249,Raap dat op,pick that up,na-ma-ana,Namna’!,,,22,,,,ME: Namna’! ‘They take it’,"Kähler: Na-mã-na’a ‘they take it’, perhaps with da- ‘3PL’ + ba- ‘progressive’ + na’a ‘take’",
250,Vaart-wel,be well,wah-dji-eh,(Awa dit ãh!),,,22,,,,,"Kähler: ’Ana ā itíta, literally ‘then go there’, first part unclear, also in ME",
